,0,1,2,3,4,5,6
0,1325487600.0,8.8,34.8,0.0,0.29284077771008016,0.24269357919692994,0.4644656300544739
1,1325574000.0,33.65,15.35,0.05,0.2241251753643155,0.15189590458758176,0.6239789158105851
2,1325660400.0,30.545454545454547,11.363636363636363,0.18181818181818182,0.17252934554761107,0.23119457557120107,0.5962760760025545
3,1325746800.0,19.38888888888889,16.11111111111111,0.0,0.24396179699235493,0.14900237404637867,0.6070358157157898
4,1325833200.0,21.0,16.125,0.0,0.27871885476633906,0.18190154060721397,0.5393796004354954
5,1325919600.0,27.470588235294116,9.176470588235293,0.058823529411764705,0.21606655824272072,0.15315797059413264,0.6307754551663118
6,1326006000.0,29.88235294117647,13.941176470588236,0.0,0.21146761910880313,0.14528297884937594,0.6432493854971493
7,1326092400.0,15.777777777777779,12.0,0.0,0.2610212800403436,0.15350287200676072,0.585475848780738
8,1326178800.0,22.19047619047619,15.333333333333334,0.0,0.24516267444761025,0.13695159802834192,0.6178857230004811
9,1326265200.0,43.8421052631579,13.210526315789474,0.05263157894736842,0.20173762836738637,0.13551235718554572,0.6627500057220459
10,1326351600.0,40.23076923076923,7.153846153846154,0.0,0.14112770012938058,0.13186010259848374,0.727012194119967
11,1326438000.0,20.333333333333332,17.11111111111111,0.0,0.2729499398006333,0.22397905132836765,0.5030709836218092
12,1326524400.0,24.571428571428573,15.071428571428571,0.21428571428571427,0.20626298205128737,0.1373107691428491,0.6564262296472277
13,1326610800.0,1.0,13.166666666666666,0.0,0.359163373708725,0.21665199100971222,0.4241846203804016
14,1326697200.0,34.083333333333336,15.25,0.0,0.21056743680189052,0.17135827297655246,0.6180742830038071
15,1326783600.0,19.0,16.041666666666668,0.08333333333333333,0.24078644416294992,0.15388105367310345,0.6053324912985166
16,1326870000.0,19.1875,26.3125,0.1875,0.2623636347707361,0.21141043776879087,0.5262259216979146
17,1326956400.0,12.2,14.0,0.0,0.3108289934694767,0.17634453317150472,0.5128264665603638
18,1327042800.0,32.0,14.4,0.3,0.26612737914547324,0.22112829741090537,0.512744315341115
19,1327129200.0,33.125,20.5,0.0,0.17839774233289063,0.09747172135394067,0.7241305261850357
20,1327215600.0,14.857142857142858,6.714285714285714,0.0,0.22768982553056308,0.1372437055355736,0.6350664581571307
21,1327302000.0,30.23076923076923,12.76923076923077,0.23076923076923078,0.21640502403561884,0.13873055562950098,0.6448644078694857
22,1327388400.0,23.6,12.3,0.0,0.2385754942893982,0.1489167982712388,0.6125076949596405
23,1327474800.0,30.642857142857142,14.714285714285714,0.07142857142857142,0.2040358361388956,0.13205760338210634,0.6639065487044198
24,1327561200.0,24.46153846153846,16.692307692307693,0.0,0.23862082310594046,0.2474912228062749,0.5138879418373108
25,1327647600.0,9.75,25.5,0.0,0.2768240482546389,0.17229076195508242,0.5508851855993271
26,1327734000.0,28.043478260869566,9.565217391304348,0.0,0.2612615771915602,0.16797500435748827,0.5707634078419727
27,1327820400.0,22.733333333333334,6.533333333333333,0.0,0.23321585431694986,0.1761796370148659,0.5906044920285543
28,1327906800.0,37.57142857142857,15.857142857142858,0.14285714285714285,0.17414316082639353,0.1399697916848319,0.6858870557376316
29,1327993200.0,25.153846153846153,13.0,0.07692307692307693,0.25741569310999834,0.2364789551267257,0.5061053415903678
30,1328079600.0,15.875,13.375,0.125,0.299822183791548,0.17069249076303095,0.5294853150844574
31,1328166000.0,20.055555555555557,15.166666666666666,0.05555555555555555,0.24199218416793478,0.18233921772076023,0.57566858910852
32,1328166000.0,20.055555555555557,15.166666666666666,0.05555555555555555,0.24199218416793478,0.18233921772076023,0.57566858910852
33,1328252400.0,21.666666666666668,4.888888888888889,0.1111111111111111,0.3037116850415866,0.19221735290355152,0.5040709525346756
34,1328338800.0,30.333333333333332,7.555555555555555,0.1111111111111111,0.2193115788201491,0.2111209589574072,0.569567448563046
35,1328425200.0,18.363636363636363,13.181818181818182,0.09090909090909091,0.2698143878105012,0.20333330163901503,0.5268522880294106
36,1328511600.0,31.5,11.75,0.0,0.2048533894121647,0.13291871454566717,0.6622278690338135
37,1328598000.0,10.125,8.75,0.0,0.30486081447452307,0.17148606339469552,0.5236531049013138
38,1328684400.0,13.833333333333334,13.166666666666666,0.0,0.30407550434271496,0.19212674101193747,0.5037977397441864
39,1328770800.0,20.066666666666666,14.2,0.0,0.27407959985236324,0.16754737372199693,0.5583730141321818
40,1328857200.0,14.3,12.7,0.0,0.30285269021987915,0.21577608892694117,0.48137120604515077
41,1328943600.0,2.7142857142857144,8.142857142857142,0.0,0.31776797984327587,0.1890058115656887,0.4932261960847037
42,1329030000.0,23.5,6.083333333333333,0.0,0.23280038606996337,0.1736064311893036,0.5935931702454885
43,1329116400.0,22.818181818181817,19.90909090909091,0.0,0.2711403363130309,0.283502796664834,0.44535685601559555
44,1329202800.0,16.9375,19.875,0.0625,0.2969624340767041,0.17812703334493563,0.5249105133116245
45,1329289200.0,25.294117647058822,8.352941176470589,0.0,0.2699539857533048,0.16659407679210692,0.5634519247447743
46,1329375600.0,16.647058823529413,13.117647058823529,0.0,0.29279353612047787,0.17098980983171394,0.5362166446797988
47,1329462000.0,15.6,6.666666666666667,0.06666666666666667,0.252623600512743,0.18623065985739232,0.5611457188924154
48,1329548400.0,28.384615384615383,12.23076923076923,0.0,0.26182771445466924,0.21184480333557495,0.5263274770516616
49,1329634800.0,9.785714285714286,7.0,0.07142857142857142,0.2890020003542304,0.17886982671916485,0.5321281594889504
50,1329721200.0,13.25,13.625,0.0,0.2966286613373086,0.2439228813163936,0.45944844745099545
51,1329807600.0,17.166666666666668,18.166666666666668,0.0,0.3044233138983448,0.2720561350385348,0.4235205302635829
52,1329894000.0,25.214285714285715,12.285714285714286,0.0,0.24794585723429918,0.1672138306312263,0.5848403019564492
53,1329980400.0,12.944444444444445,12.11111111111111,0.0,0.29363079751945204,0.1755661964416504,0.5308029883437686
54,1330066800.0,15.928571428571429,10.214285714285714,0.14285714285714285,0.2780074357454266,0.1993337648787669,0.5226587866033826
55,1330153200.0,17.692307692307693,15.692307692307692,0.0,0.25927678259232867,0.2178956879875981,0.5228275244052594
56,1330239600.0,48.111111111111114,16.333333333333332,0.1111111111111111,0.18217212023834387,0.1379288997915056,0.6798989706569247
57,1330326000.0,36.9,14.5,0.2,0.17187819769605994,0.21987145086750387,0.6082503400743008
58,1330412400.0,17.25,19.125,0.0,0.29587153252214193,0.16744369210209697,0.5366847589612007
59,1330498800.0,21.636363636363637,16.0,0.09090909090909091,0.27625396712259814,0.1971014832908457,0.5266445441679521
60,1330585200.0,21.11111111111111,20.333333333333332,0.1111111111111111,0.22200383018288347,0.15583909882439506,0.622157076994578
61,1330671600.0,2.6666666666666665,9.25,0.0,0.2908860881968091,0.2536252196878195,0.4554886830349763
62,1330671600.0,2.6666666666666665,9.25,0.0,0.2908860881968091,0.2536252196878195,0.4554886830349763
63,1330758000.0,25.238095238095237,14.380952380952381,0.047619047619047616,0.24500387108751706,0.20715223616432576,0.5478438962073553
64,1330844400.0,12.333333333333334,18.0,0.0,0.2744732844488074,0.28525444368521374,0.4402722616990407
65,1330930800.0,8.3,7.9,0.0,0.2977028705179691,0.17959603052586318,0.5227010846138
66,1331017200.0,32.333333333333336,14.916666666666666,0.0,0.23249861846367517,0.1548817155417055,0.6126196483771006
67,1331103600.0,22.214285714285715,19.214285714285715,0.07142857142857142,0.2514697089791298,0.15767110704577394,0.5908591662134443
68,1331190000.0,22.636363636363637,8.681818181818182,0.09090909090909091,0.2685779464346441,0.1585747582668608,0.5728472904725508
69,1331276400.0,15.636363636363637,8.181818181818182,0.0,0.27452287738296116,0.217644630338658,0.5078324729746039
70,1331362800.0,19.5,10.3125,0.0625,0.26491498085670173,0.15775603498332202,0.577328983694315
71,1331449200.0,3.909090909090909,11.636363636363637,0.0,0.329429762607271,0.19847259365699507,0.472097629850561
72,1331532000.0,35.333333333333336,10.0,0.1111111111111111,0.19173401107804644,0.2145494111917085,0.5937165584829118
73,1331618400.0,22.333333333333332,14.0,0.1111111111111111,0.24810158357852036,0.25353709794580936,0.49836132261488175
74,1331704800.0,7.666666666666667,15.666666666666666,0.0,0.3156731568276882,0.21193517123659453,0.47239165703455605
75,1331791200.0,24.0,22.0,0.0,0.2626078025652812,0.16586540940289313,0.5715267795782822
76,1331877600.0,21.09090909090909,14.363636363636363,0.0,0.21569206836548718,0.1390167395160957,0.6452911821278658
77,1331964000.0,1.0,11.5,0.0,0.359163373708725,0.21665199100971222,0.4241846203804016
78,1332050400.0,7.466666666666667,19.466666666666665,0.0,0.2957581084842483,0.2398734906067451,0.46436839501063026
79,1332136800.0,32.0,13.666666666666666,0.0,0.24724999628961086,0.30097999175389606,0.45176998774210614
80,1332223200.0,18.181818181818183,21.90909090909091,0.0,0.3000765121118589,0.21167775040323084,0.48824572563171387
81,1332309600.0,10.142857142857142,10.714285714285714,0.0,0.2893576909388815,0.220559243911079,0.49008304519312723
82,1332396000.0,17.272727272727273,18.181818181818183,0.0,0.3031170540912585,0.18122770434076135,0.5156552249735052
83,1332482400.0,18.333333333333332,16.444444444444443,0.0,0.2568964929216438,0.19465685759981474,0.5484466354052225
84,1332568800.0,44.2,10.8,0.0,0.2504201799631119,0.1720304091461003,0.5775493919849396
85,1332655200.0,15.0,41.875,0.0,0.2827063181903213,0.16768575191963464,0.5496079176664352
86,1332741600.0,29.333333333333332,15.0,0.0,0.24889839875201383,0.25448428591092426,0.4966172973314921
87,1332828000.0,13.9,16.8,0.0,0.29297301582992075,0.2740257795900106,0.433001190982759
88,1332914400.0,25.647058823529413,10.411764705882353,0.11764705882352941,0.19936882814063744,0.1599482686861473,0.6406828936408547
89,1333000800.0,28.8,19.6,0.0,0.24396084304898977,0.14164209831506014,0.6143970429897309
90,1333087200.0,14.454545454545455,12.636363636363637,0.0,0.2488150786269795,0.16961418828842315,0.581570717421445
91,1333173600.0,16.3,12.6,0.1,0.31679738946259023,0.1771256252191961,0.5060769736766815
92,1333260000.0,35.22222222222222,21.555555555555557,0.1111111111111111,0.23179501584834522,0.1290392188562287,0.6391657590866089
93,1333346400.0,23.266666666666666,12.866666666666667,0.0,0.25884235414365925,0.15472380903859934,0.5864338318506876
94,1333346400.0,23.266666666666666,12.866666666666667,0.0,0.25884235414365925,0.15472380903859934,0.5864338318506876
95,1333432800.0,23.68421052631579,17.894736842105264,0.0,0.24695423284643575,0.15709241033580743,0.5959533421616805
96,1333519200.0,26.894736842105264,9.052631578947368,0.05263157894736842,0.2297403059507671,0.1618395108533533,0.6084201806469968
97,1333605600.0,13.090909090909092,16.09090909090909,0.0,0.2720261380415071,0.17247217351740057,0.5555016831918196
98,1333692000.0,13.05,5.3,0.0,0.3042357238940895,0.1891247121617198,0.506639552116394
99,1333778400.0,11.666666666666666,12.222222222222221,0.3333333333333333,0.32466592225763535,0.19906669399804539,0.47626737091276383
100,1333864800.0,15.384615384615385,6.923076923076923,0.07692307692307693,0.2861801956135493,0.18299748433324006,0.5308223091639005
101,1333951200.0,1.0,26.333333333333332,0.0,0.359163373708725,0.21665199100971222,0.4241846203804016
102,1334037600.0,30.666666666666668,15.555555555555555,0.0,0.25473137613799834,0.17103141132328245,0.5742372075716654
103,1334124000.0,9.285714285714286,8.714285714285714,0.0,0.31103516396667275,0.19048610169972693,0.4984787276812962
104,1334210400.0,17.9,10.3,0.1,0.24972710814327,0.199967482034117,0.5503054032102227
105,1334296800.0,20.526315789473685,8.894736842105264,0.0,0.28860380049598844,0.1737016511982993,0.5376945294831929
106,1334383200.0,17.083333333333332,10.166666666666666,0.0,0.22630355336392918,0.19510527506160238,0.5785911629597346
107,1334469600.0,4.888888888888889,20.333333333333332,0.0,0.32431186197532547,0.1959446310583088,0.47974349392784965
108,1334556000.0,38.25,21.25,0.0,0.19142762571573257,0.06478515057824552,0.7437871843576431
109,1334642400.0,24.95,14.35,0.1,0.20540200360119343,0.19797234600409866,0.5966256558895111
110,1334728800.0,26.571428571428573,8.142857142857142,0.14285714285714285,0.2635636276432446,0.18286507769620844,0.5535712902035032
111,1334815200.0,36.36363636363637,9.818181818181818,0.0,0.159696890887889,0.20662356760691514,0.6336795294826681
112,1334901600.0,23.125,20.5,0.125,0.23790347925387323,0.3314396801870316,0.43065683357417583
113,1334988000.0,36.166666666666664,18.25,0.0,0.22558625073482594,0.08707276786056657,0.6873409847418467
114,1335074400.0,9.833333333333334,20.5,0.08333333333333333,0.3094828426837921,0.185519828616331,0.504997322956721
115,1335160800.0,94.0,0.0,0.5,0.039558710530400276,0.19176579266786575,0.7686755061149597
116,1335247200.0,19.0,4.6,0.0,0.29922124072909356,0.1767824500799179,0.5239962935447693
117,1335333600.0,23.72222222222222,13.5,0.05555555555555555,0.27109680366184974,0.16202905851726732,0.566874129904641
118,1335420000.0,12.5,12.1875,0.0,0.3155350445304066,0.19147213228279725,0.49299281463027
119,1335506400.0,17.733333333333334,14.133333333333333,0.0,0.2960790472726027,0.2090688854455948,0.4948520620663961
120,1335592800.0,19.63157894736842,12.842105263157896,0.0,0.26074734977201414,0.15937166018901686,0.5798809810688621
121,1335679200.0,1.5714285714285714,12.428571428571429,0.0,0.31424043646880556,0.18880011700093746,0.4969594308308193
122,1335765600.0,20.692307692307693,11.384615384615385,0.0,0.29280618864756364,0.17511557049762744,0.5320782248790448
123,1335852000.0,20.454545454545453,11.454545454545455,0.0,0.273989900438623,0.21725732994011857,0.5087527605620298
124,1335938400.0,14.588235294117647,6.764705882352941,0.0,0.2128462791442871,0.14730166939689832,0.6398520574850195
125,1335938400.0,14.588235294117647,6.764705882352941,0.0,0.2128462791442871,0.14730166939689832,0.6398520574850195
126,1336024800.0,26.90909090909091,16.545454545454547,0.0,0.26222543452273717,0.15178135376084934,0.5859932086684487
127,1336111200.0,34.0,13.0,0.0,0.2634719082464774,0.15473114466294646,0.581796924273173
128,1336197600.0,35.1,4.0,0.0,0.2151822153478861,0.1311030624434352,0.6537147164344788
129,1336284000.0,26.857142857142858,12.142857142857142,0.14285714285714285,0.31630392292780535,0.23363908806017467,0.4500569701194763
130,1336370400.0,38.57142857142857,5.571428571428571,0.0,0.20524926696504867,0.1131754850170442,0.6815752557345799
131,1336456800.0,28.555555555555557,15.777777777777779,0.0,0.19795778476529652,0.11084730436818467,0.6911948919296265
132,1336543200.0,20.473684210526315,12.68421052631579,0.05263157894736842,0.2846413467471537,0.201393517714582,0.5139651141668621
133,1336629600.0,22.7,12.6,0.0,0.26568257436156273,0.1588724311441183,0.5754449844360352
134,1336716000.0,34.46153846153846,13.384615384615385,0.15384615384615385,0.23410197003529623,0.12634178795493567,0.6395562474544232
135,1336802400.0,34.333333333333336,15.583333333333334,0.08333333333333333,0.2104191005540391,0.19084364742351076,0.5987372472882271
136,1336888800.0,7.9411764705882355,18.705882352941178,0.0,0.2808199172072551,0.16084329203209458,0.5583367873640621
137,1336975200.0,1.0,13.0,0.0,0.359163373708725,0.21665199100971222,0.4241846203804016
138,1337061600.0,21.142857142857142,24.571428571428573,0.0,0.2666767175708498,0.1651183425315789,0.5682049308504377
139,1337148000.0,26.125,26.0,0.0,0.2268687910400331,0.11627858330029994,0.6568526104092598
140,1337234400.0,18.7,6.3,0.0,0.23087460678070784,0.2022612351924181,0.566864150762558
141,1337320800.0,29.61111111111111,14.61111111111111,0.16666666666666666,0.1915537817403674,0.23690090390543142,0.5715453012122048
142,1337407200.0,24.0,9.733333333333333,0.06666666666666667,0.20184104417761167,0.16389289312064648,0.6342660665512085
143,1337493600.0,5.0,11.88888888888889,0.0,0.3219572038700183,0.1959849006185929,0.4820578826798333
144,1337580000.0,33.0,29.0,0.7142857142857143,0.2324532446052347,0.24070425118718827,0.5268424877098629
145,1337666400.0,28.6,13.1,0.0,0.1965964475646615,0.14979013800621033,0.653613418340683
146,1337752800.0,25.0,11.333333333333334,0.0,0.18298921754790676,0.12745703477412462,0.6895537442631192
147,1337839200.0,34.8235294117647,15.058823529411764,0.17647058823529413,0.16785593681475697,0.12766740805305102,0.704476651023416
148,1337925600.0,37.0,11.333333333333334,0.16666666666666666,0.16726614581421018,0.21324778503427902,0.6194860693067312
149,1338012000.0,12.7,10.8,0.05,0.3014831674285233,0.18494401550851763,0.5135728120803833
150,1338098400.0,27.875,8.5,0.0,0.2158433240838349,0.12955563992727548,0.6546010226011276
151,1338184800.0,4.714285714285714,20.714285714285715,0.0,0.31433708167501856,0.18862212928278105,0.49704078265598844
152,1338271200.0,13.5,11.4,0.0,0.2971067255362868,0.19413352571427822,0.508759742975235
153,1338357600.0,29.555555555555557,24.11111111111111,0.0,0.21843358791536754,0.19258563986255062,0.5889807740847269
154,1338444000.0,13.642857142857142,9.928571428571429,0.0,0.29096413323921816,0.1868179114535451,0.5222179463931492
155,1338530400.0,22.0,16.05,0.05,0.24641111847013236,0.20093517769128083,0.552653688378632
156,1338616800.0,38.666666666666664,11.88888888888889,0.0,0.21114843545688522,0.11150605283263657,0.677345507674747
157,1338616800.0,38.666666666666664,11.88888888888889,0.0,0.21114843545688522,0.11150605283263657,0.677345507674747
158,1338703200.0,33.42857142857143,12.428571428571429,0.14285714285714285,0.18159037455916405,0.13564426584967545,0.6827653561319623
159,1338789600.0,29.0,15.25,0.0,0.2209108299575746,0.1530203849542886,0.6260688006877899
160,1338876000.0,25.666666666666668,12.5,0.0,0.20935384494562945,0.18671878085782131,0.603927363952001
161,1338962400.0,17.8,11.1,0.0,0.2696409278549254,0.17600286533124745,0.5543562024831772
162,1339048800.0,19.857142857142858,13.571428571428571,0.0,0.22717032368694032,0.1773334645799228,0.5954962032181876
163,1339135200.0,22.458333333333332,14.916666666666666,0.0,0.25981702690478414,0.21878260684510073,0.5214003597696623
164,1339221600.0,44.84615384615385,13.615384615384615,0.0,0.21652699089967287,0.1503696691674682,0.6331033339867225
165,1339308000.0,27.181818181818183,25.727272727272727,0.0,0.26773420348763466,0.17918031789701094,0.5530854734507474
166,1339394400.0,36.166666666666664,14.166666666666666,0.0,0.15354919650902352,0.20478320897867283,0.6416675945123037
167,1339480800.0,11.923076923076923,11.076923076923077,0.0,0.28596650379208416,0.17554886997319186,0.5384846192139846
168,1339567200.0,35.964285714285715,11.964285714285714,0.07142857142857142,0.2101559299044311,0.17614670457052334,0.6136973574757576
169,1339653600.0,26.666666666666668,25.083333333333332,0.16666666666666666,0.23880567929397026,0.19555393264939389,0.5656403650840124
170,1339740000.0,34.65217391304348,10.826086956521738,0.0,0.2089811135083437,0.19824326491874197,0.592775612745596
171,1339826400.0,39.09090909090909,16.90909090909091,0.0,0.16324943778189746,0.1262371740727262,0.7105133912780068
172,1339912800.0,37.388888888888886,13.555555555555555,0.0,0.22036299813124868,0.18926094958765638,0.5903760401739014
173,1339999200.0,13.333333333333334,18.333333333333332,0.0,0.28616244511471856,0.2682436489396625,0.4455938968393538
174,1340085600.0,38.7,22.4,0.0,0.2902314204722643,0.14162111235782504,0.56814746260643
175,1340172000.0,8.833333333333334,12.5,0.0,0.3349386230111122,0.20009632393096885,0.46496503551801044
176,1340258400.0,25.333333333333332,12.055555555555555,0.05555555555555555,0.2356739551242855,0.13321076198998424,0.6311152709854974
177,1340344800.0,36.04545454545455,11.409090909090908,0.09090909090909091,0.216458227570084,0.24203015000305392,0.5415116216648709
178,1340431200.0,37.25,13.25,0.25,0.2206456646323204,0.19291745410300792,0.5864368557929993
179,1340517600.0,16.625,19.25,0.0,0.28066281508654356,0.1698730862699449,0.5494640916585922
180,1340604000.0,17.785714285714285,19.571428571428573,0.0,0.25608951159353766,0.18842734356543847,0.5554831283433097
181,1340690400.0,23.066666666666666,11.266666666666667,0.0,0.2425849225372076,0.18326758438100418,0.574147476752599
182,1340776800.0,12.071428571428571,14.357142857142858,0.07142857142857142,0.27740851417183876,0.16615090825195825,0.556440566267286
183,1340863200.0,17.40909090909091,11.909090909090908,0.045454545454545456,0.32437183682552795,0.15670966877686707,0.5189184736121785
184,1340949600.0,23.954545454545453,7.136363636363637,0.0,0.2332173063504425,0.16020195101472465,0.6065807369622317
185,1341036000.0,15.678571428571429,16.035714285714285,0.0,0.28642883338034153,0.18815968465059996,0.5254114717245102
186,1341122400.0,34.93333333333333,7.133333333333334,0.0,0.24183075254162154,0.19075606899956862,0.5674131751060486
187,1341208800.0,15.333333333333334,8.666666666666666,0.1111111111111111,0.25759299699631,0.19426176345182788,0.5481452213393317
188,1341208800.0,15.333333333333334,8.666666666666666,0.1111111111111111,0.25759299699631,0.19426176345182788,0.5481452213393317
189,1341295200.0,12.842105263157896,11.68421052631579,0.0,0.3059869396843408,0.20722111388060607,0.4867919307006033
190,1341381600.0,16.133333333333333,7.6,0.0,0.28497557702163856,0.17276036782811086,0.5422640403111776
191,1341468000.0,29.166666666666668,9.333333333333334,0.0,0.2648793949435155,0.15105823649921352,0.5840623643663194
192,1341554400.0,24.615384615384617,18.076923076923077,0.07692307692307693,0.2646781779252566,0.22989981098530385,0.5054219961166382
193,1341640800.0,20.307692307692307,13.76923076923077,0.23076923076923078,0.2467634528875351,0.14287323870051366,0.6103632954450754
194,1341727200.0,36.92307692307692,20.23076923076923,0.07692307692307693,0.24348910912298238,0.13256659881713298,0.6239442882629541
195,1341813600.0,20.0,13.153846153846153,0.0,0.2492392209286873,0.14296539020366394,0.6077953714590806
196,1341900000.0,35.22222222222222,7.277777777777778,0.2222222222222222,0.1885956869357162,0.12733494035071796,0.6840693785084618
197,1341986400.0,34.666666666666664,12.925925925925926,0.0,0.2029218048685127,0.14708425021833843,0.6499939450511226
198,1342072800.0,37.8125,21.25,0.25,0.2206013110699132,0.2050492336275056,0.5743494499474764
199,1342159200.0,24.954545454545453,19.59090909090909,0.0,0.21387322450226004,0.20342285274951297,0.5827039209279147
200,1342245600.0,22.82608695652174,15.826086956521738,0.043478260869565216,0.23026709631085396,0.16861237095587928,0.6011205263759779
201,1342332000.0,17.444444444444443,3.6666666666666665,0.0,0.2572420760989189,0.18206672008252806,0.5606911877791086
202,1342418400.0,8.583333333333334,11.666666666666666,0.0,0.33170736115425825,0.23482131088773409,0.43347131212552387
203,1342504800.0,18.92,9.8,0.04,0.270676553696394,0.1916595982387662,0.537663836479187
204,1342591200.0,22.545454545454547,10.818181818181818,0.12121212121212122,0.2448660530375712,0.20476062042695103,0.5503733248421641
205,1342677600.0,18.90625,11.75,0.03125,0.2651065425015986,0.1802164617110975,0.5546769802458584
206,1342764000.0,28.55,6.8,0.1,0.2060377643443644,0.2513055903837085,0.5426566407084465
207,1342850400.0,22.41176470588235,7.617647058823529,0.058823529411764705,0.24383275353294961,0.18023186442716158,0.5759353690287646
208,1342936800.0,22.4375,7.75,0.0,0.25206997932400554,0.1999465934932232,0.5479834191501141
209,1343023200.0,24.133333333333333,5.266666666666667,0.06666666666666667,0.2131777582069238,0.16475594552854697,0.6220662911732991
210,1343109600.0,17.055555555555557,16.88888888888889,0.0,0.2745633479207754,0.1707910659412543,0.5546455714437697
211,1343196000.0,14.352941176470589,9.764705882352942,0.0,0.27611740021144643,0.20624177070224986,0.5176408115555259
212,1343282400.0,19.8,7.133333333333334,0.0,0.25189440449078876,0.21615438958009084,0.5319511910279592
213,1343368800.0,12.08695652173913,10.91304347826087,0.0,0.27867331574468507,0.18535168481099865,0.5359749884709067
214,1343455200.0,27.857142857142858,4.285714285714286,0.09523809523809523,0.23134992963501386,0.19551784935451688,0.5731322013196491
215,1343541600.0,14.875,12.125,0.0,0.2684673669282347,0.19145740452222526,0.5400752164423466
216,1343628000.0,18.4,14.0,0.0,0.27164645853141944,0.16948214800407488,0.5588713884353638
217,1343714400.0,29.176470588235293,8.176470588235293,0.0,0.2122593503445387,0.22123390436172485,0.5665067267768523
218,1343800800.0,26.48,11.56,0.0,0.3175354601442814,0.1527798167616129,0.5296847200393677
219,1343887200.0,37.38095238095238,18.047619047619047,0.09523809523809523,0.17597709649375506,0.15762843502064547,0.6663944550922939
220,1343887200.0,37.38095238095238,18.047619047619047,0.09523809523809523,0.17597709649375506,0.15762843502064547,0.6663944550922939
221,1343973600.0,20.12,12.24,0.04,0.25117483697831633,0.14994067929685115,0.5988844752311706
222,1344060000.0,20.96551724137931,11.862068965517242,0.034482758620689655,0.3044567081820348,0.19037861736684009,0.5051646682208982
223,1344146400.0,31.15,7.05,0.0,0.21729893945157527,0.14592179423198104,0.6367792546749115
224,1344232800.0,23.166666666666668,12.777777777777779,0.0,0.2348329531442788,0.16274437577360207,0.6024226811197069
225,1344319200.0,36.3125,9.25,0.0,0.18930779153015465,0.19004479347495362,0.6206474173814058
226,1344405600.0,14.0,14.4375,0.0,0.28288638638332486,0.15886872296687216,0.5582448784261942
227,1344492000.0,16.821428571428573,10.285714285714286,0.0,0.2473536567496402,0.19083449939664984,0.5618118313806397
228,1344578400.0,18.933333333333334,12.2,0.03333333333333333,0.2804371688514948,0.20563008558625975,0.5139327292641004
229,1344664800.0,30.066666666666666,6.466666666666667,0.13333333333333333,0.20985078824063141,0.14898533460994562,0.6411638577779134
230,1344751200.0,21.15,11.7,0.2,0.23337418837472795,0.14664930948056282,0.61997649371624
231,1344837600.0,15.615384615384615,10.076923076923077,0.0,0.2643271294923929,0.17410057367613682,0.5615722857988797
232,1344924000.0,20.77777777777778,18.055555555555557,0.1111111111111111,0.28302544355392456,0.1968770840515693,0.5200974610116746
233,1345010400.0,22.555555555555557,13.38888888888889,0.0,0.26763912062678075,0.188347559215294,0.544013316432635
234,1345096800.0,29.387096774193548,6.870967741935484,0.06451612903225806,0.1776365026561243,0.20001826603566447,0.6223452217396228
235,1345183200.0,28.942857142857143,14.4,0.05714285714285714,0.22359523730618613,0.21950293204614094,0.5569018211215735
236,1345269600.0,19.11904761904762,12.285714285714286,0.16666666666666666,0.24164739920802059,0.14450657247964824,0.6138460196199871
237,1345356000.0,23.275862068965516,5.931034482758621,0.1724137931034483,0.20929726438018784,0.1606020188794054,0.6301007075556393
238,1345442400.0,33.5,16.7,0.16666666666666666,0.21300444879258673,0.16261057648807764,0.6243849754333496
239,1345528800.0,22.6,15.714285714285714,0.08571428571428572,0.21087859123945235,0.15574709078563112,0.6333743197577341
240,1345615200.0,15.333333333333334,11.208333333333334,0.041666666666666664,0.2697517977406581,0.20326335503098866,0.5269848431150118
241,1345701600.0,18.88235294117647,15.294117647058824,0.058823529411764705,0.23972888312795582,0.15489348900668762,0.6053776215104496
242,1345788000.0,13.689655172413794,13.586206896551724,0.06896551724137931,0.2794133549363449,0.1708596687571242,0.549726967153878
243,1345874400.0,15.5,24.3,0.0,0.26860960526391864,0.19607401452958584,0.5353163599967956
244,1345960800.0,19.19047619047619,7.9523809523809526,0.047619047619047616,0.2394968769734814,0.1869925641942592,0.5735105588322594
245,1346047200.0,17.933333333333334,15.4,0.0,0.22208430171012877,0.14434893907358248,0.6335667451222737
246,1346133600.0,26.25,13.65,0.05,0.23216468282043934,0.15256323628127574,0.6152720779180527
247,1346220000.0,14.523809523809524,9.714285714285714,0.047619047619047616,0.28581299127212595,0.1948617852869488,0.5193252109345936
248,1346306400.0,25.48,13.96,0.04,0.2324745538085699,0.16604014605283737,0.6014852881431579
249,1346392800.0,26.77777777777778,13.666666666666666,0.05555555555555555,0.22254737269961172,0.17406194393212596,0.6033906804190742
250,1346479200.0,17.11764705882353,9.764705882352942,0.0,0.2757023154374431,0.1618667859584093,0.5624308901674607
251,1346565600.0,21.428571428571427,15.142857142857142,0.0,0.23566495041762078,0.22422110502208983,0.5401139387062618
252,1346565600.0,21.428571428571427,15.142857142857142,0.0,0.23566495041762078,0.22422110502208983,0.5401139387062618
253,1346652000.0,11.473684210526315,13.105263157894736,0.0,0.3111123264228043,0.19020570638148407,0.49868195621590866
254,1346738400.0,28.714285714285715,17.214285714285715,0.07142857142857142,0.2285711391429816,0.21049463815454925,0.5609342179128102
255,1346824800.0,13.1,15.4,0.0,0.2788121225312352,0.18942076172679662,0.5317671000957489
256,1346911200.0,22.533333333333335,17.066666666666666,0.03333333333333333,0.23586934910466273,0.21633789129555225,0.5477927549431721
257,1346997600.0,22.105263157894736,14.921052631578947,0.15789473684210525,0.2518649663972227,0.16982755133588062,0.5783074717772635
258,1347084000.0,28.615384615384617,14.76923076923077,0.11538461538461539,0.24014123830084616,0.22518929477351216,0.5346694548542683
259,1347170400.0,36.5,7.045454545454546,0.09090909090909091,0.1629718697037209,0.17626749131489883,0.6607606465166266
260,1347256800.0,9.076923076923077,16.115384615384617,0.0,0.3103189120212427,0.21386688825889275,0.47581418660970837
261,1347343200.0,12.882352941176471,16.41176470588235,0.0,0.30727113301263137,0.20939108849886587,0.48333777049008536
262,1347429600.0,16.608695652173914,12.130434782608695,0.0,0.2582748262616603,0.1644944355458669,0.5772307204163593
263,1347516000.0,21.864864864864863,12.405405405405405,0.02702702702702703,0.2452514591450627,0.17558500180776054,0.5791635300863434
264,1347602400.0,33.46666666666667,19.0,0.06666666666666667,0.22361464748779933,0.12694178509215515,0.6494435548782349
265,1347688800.0,9.636363636363637,10.818181818181818,0.0,0.3070737793194977,0.18419743363152852,0.5087287724018097
266,1347775200.0,30.1,12.65,0.25,0.21854094127193094,0.15343570820987223,0.6280233412981033
267,1347861600.0,6.230769230769231,13.538461538461538,0.0,0.3138149928015012,0.18683254647140318,0.4993524459692148
268,1347948000.0,23.0,9.954545454545455,0.045454545454545456,0.254435925998471,0.17019930100915107,0.5753647657957944
269,1348034400.0,19.928571428571427,18.928571428571427,0.07142857142857142,0.2735281449609569,0.2080620593790497,0.5184097843510764
270,1348120800.0,19.666666666666668,15.851851851851851,0.1111111111111111,0.2551993851860364,0.16039231281589578,0.5844082898563809
271,1348207200.0,11.0,9.904761904761905,0.047619047619047616,0.3024675055806126,0.1870902486234194,0.5104422257060096
272,1348293600.0,25.387096774193548,8.903225806451612,0.03225806451612903,0.24685419759442728,0.17491354015205177,0.5782322566355428
273,1348380000.0,12.882352941176471,15.529411764705882,0.0,0.3027225263855037,0.1974459752878722,0.4998314836445977
274,1348466400.0,17.27777777777778,6.5,0.0,0.2922947903474172,0.1621889368010064,0.5455162657631768
275,1348552800.0,18.4,11.028571428571428,0.0,0.28701815136841363,0.1778584937964167,0.5351233431271144
276,1348639200.0,12.214285714285714,12.357142857142858,0.03571428571428571,0.2836679864807853,0.21884055132977664,0.4974914544395038
277,1348725600.0,13.4,11.066666666666666,0.06666666666666667,0.26341487979516387,0.22096725075195234,0.5156178628404935
278,1348812000.0,17.566666666666666,10.633333333333333,0.0,0.26894714273512366,0.1865766452625394,0.5444761991500855
279,1348898400.0,38.19230769230769,8.26923076923077,0.11538461538461539,0.19711387802201968,0.2053285279096319,0.5975575871192492
280,1348984800.0,8.0,14.894736842105264,0.0,0.28045354665894257,0.17349352908173674,0.5460529139167384
281,1349071200.0,34.4375,14.25,0.0625,0.18565386405680329,0.12847315735416487,0.6858729645609856
282,1349157600.0,28.15,15.35,0.0,0.21223424086347223,0.13857260667718946,0.6491931527853012
283,1349157600.0,28.15,15.35,0.0,0.21223424086347223,0.13857260667718946,0.6491931527853012
284,1349244000.0,16.11111111111111,14.88888888888889,0.0,0.23684974004411036,0.21821642941277888,0.5449338265591197
285,1349330400.0,15.947368421052632,15.789473684210526,0.0,0.2548693081266002,0.15450579065241313,0.590624893966474
286,1349416800.0,35.916666666666664,13.916666666666666,0.125,0.17704430292360485,0.1723889670878028,0.6505667244394621
287,1349503200.0,19.36842105263158,17.05263157894737,0.0,0.24497764861505283,0.17089110044272324,0.5841312345705534
288,1349589600.0,18.705882352941178,10.470588235294118,0.058823529411764705,0.2577452757121885,0.2128461666186066,0.5294085495612201
289,1349676000.0,22.4,7.36,0.0,0.20112988650798796,0.1700688075646758,0.6288013076782226
290,1349762400.0,16.428571428571427,18.214285714285715,0.0,0.2600035281585796,0.20241834010396684,0.5375781186989376
291,1349848800.0,25.25925925925926,14.851851851851851,0.0,0.24151849270694786,0.20030027558958088,0.5581812240459301
292,1349935200.0,23.210526315789473,10.0,0.0,0.22183520415503727,0.2746929226345138,0.5034718589955255
293,1350021600.0,23.55,13.2,0.0,0.24900686806067823,0.17774805389344692,0.5732450723648072
294,1350108000.0,20.16,11.44,0.04,0.26574158266186715,0.1880123782902956,0.5462460255622864
295,1350194400.0,16.266666666666666,13.466666666666667,0.0,0.2513790424913168,0.26615900738785664,0.4824619481960932
296,1350280800.0,10.166666666666666,22.444444444444443,0.0,0.2901596113418539,0.2167988043381936,0.4930415672974454
297,1350367200.0,20.045454545454547,9.863636363636363,0.0,0.24726230168545787,0.19334825534712186,0.5593894361094995
298,1350453600.0,14.73076923076923,20.115384615384617,0.038461538461538464,0.2926535273973758,0.18590468161094648,0.5214417851888217
299,1350540000.0,32.40909090909091,14.727272727272727,0.0,0.23249848483299668,0.15084388284859332,0.6166576201265509
300,1350626400.0,12.285714285714286,15.285714285714286,0.047619047619047616,0.28648316328014645,0.17601101517322518,0.537505811169034
301,1350712800.0,18.8,18.3,0.0,0.2725843980908394,0.1614891064353287,0.5659264773130417
302,1350799200.0,26.0,16.77777777777778,0.1111111111111111,0.2227917295984096,0.15272111269748873,0.6244871517022451
303,1350885600.0,31.17391304347826,12.608695652173912,0.2608695652173913,0.2460333499247613,0.12568549969759973,0.6282811404570289
304,1350972000.0,25.043478260869566,12.391304347826088,0.0,0.23823854149035786,0.1320625561410966,0.6296989075515581
305,1351058400.0,27.9,10.1,0.05,0.25471509639173745,0.19082579500973224,0.5544591084122658
306,1351144800.0,16.22222222222222,21.5,0.05555555555555555,0.310839830380347,0.19675111853414112,0.49240903390778434
307,1351231200.0,23.24,11.76,0.08,0.23584125395864247,0.20889220088720323,0.5552665388584137
308,1351317600.0,20.954545454545453,14.772727272727273,0.0,0.2536684352989224,0.2503092021427371,0.49602235277945345
309,1351404000.0,30.61111111111111,9.38888888888889,0.1111111111111111,0.24430527589801285,0.2569716583109564,0.498723061548339
310,1351490400.0,27.153846153846153,14.692307692307692,0.0,0.2154567142805228,0.23696294684822744,0.5475803407338949
311,1351576800.0,32.708333333333336,17.875,0.16666666666666666,0.194267182610929,0.11935448526249577,0.6863783150911331
312,1351663200.0,17.74074074074074,8.814814814814815,0.037037037037037035,0.2509007990636207,0.1594378439778531,0.5896613421263518
313,1351749600.0,13.266666666666667,10.9,0.03333333333333333,0.2472223316008846,0.23191598479946454,0.5208616795639197
314,1351836000.0,33.07692307692308,12.384615384615385,0.19230769230769232,0.1988167782099201,0.1743155112490058,0.6268676995084836
315,1351836000.0,33.07692307692308,12.384615384615385,0.19230769230769232,0.1988167782099201,0.1743155112490058,0.6268676995084836
316,1351922400.0,19.916666666666668,12.333333333333334,0.041666666666666664,0.2544108140282333,0.17324405978433788,0.5723451289037863
317,1352008800.0,26.416666666666668,22.833333333333332,0.0,0.2562455967999995,0.16617350730424127,0.5775808840990067
318,1352098800.0,12.117647058823529,18.294117647058822,0.058823529411764705,0.2667422867654001,0.18396722076132016,0.5492904817356783
319,1352185200.0,21.125,17.75,0.125,0.22945036626576135,0.18786071877305707,0.5826889135253926
320,1352271600.0,35.45161290322581,11.838709677419354,0.03225806451612903,0.21538413069661586,0.1854128102141042,0.5992030549433923
321,1352358000.0,27.529411764705884,21.11764705882353,0.0,0.2378242061856915,0.19415528820279768,0.5680205015575185
322,1352444400.0,27.441176470588236,23.558823529411764,0.17647058823529413,0.21059986461392222,0.18831827376476107,0.6010818540611688
323,1352530800.0,24.764705882352942,16.705882352941178,0.0,0.25937553692389936,0.1850958747022292,0.5555285811424255
324,1352617200.0,17.714285714285715,23.285714285714285,0.07142857142857142,0.2699037582746574,0.16290313896856137,0.5671930951731545
325,1352703600.0,22.9,25.4,0.0,0.2611667586490512,0.16489071138203143,0.573942506313324
326,1352790000.0,12.923076923076923,24.615384615384617,0.0,0.3021520128330359,0.18102624442858192,0.5168217283028823
327,1352876400.0,18.444444444444443,16.166666666666668,0.0,0.31071540982358986,0.1515289734945529,0.5377556218041314
328,1352962800.0,10.125,21.875,0.0,0.29881861188914627,0.19681678025517613,0.5043645948171616
329,1353049200.0,15.933333333333334,30.7,0.03333333333333333,0.2755088369672497,0.18217002246528863,0.542321135600408
330,1353135600.0,15.15,16.025,0.0,0.2845704860519618,0.19896635140758007,0.5164631564170122
331,1353222000.0,14.173913043478262,17.869565217391305,0.08695652173913043,0.28868195025817206,0.2157939274026,0.49552411424077075
332,1353308400.0,39.0,14.0,0.3076923076923077,0.2078725007864145,0.1976339606424937,0.5944935226669679
333,1353394800.0,18.857142857142858,14.107142857142858,0.03571428571428571,0.24775547946670226,0.16143647970498673,0.5908080339431763
334,1353481200.0,25.09090909090909,13.545454545454545,0.0,0.2464301029897549,0.18169467659159141,0.5718752118674192
335,1353567600.0,32.666666666666664,21.333333333333332,0.0,0.2643773475040992,0.1348730102957537,0.6007496397942305
336,1353654000.0,13.0625,19.625,0.0625,0.28167591034434736,0.1780267630238086,0.5402973145246506
337,1353740400.0,22.066666666666666,11.4,0.0,0.27509639064470925,0.17426043425997098,0.5506431619326274
338,1353826800.0,27.176470588235293,23.235294117647058,0.0,0.2150388152941185,0.1397087179014788,0.645252459189471
339,1353913200.0,32.5,15.642857142857142,0.07142857142857142,0.2254359425444688,0.14051898489040987,0.6340450729642596
340,1353999600.0,21.464285714285715,16.5,0.14285714285714285,0.26146722418655244,0.15994381475528435,0.578588951911245
341,1354086000.0,13.972222222222221,10.38888888888889,0.0,0.2926560140525301,0.18088750753344762,0.5264564686351352
342,1354172400.0,10.145833333333334,19.854166666666668,0.020833333333333332,0.30216939029439044,0.19316387199796736,0.504666722069184
343,1354258800.0,24.289473684210527,18.263157894736842,0.02631578947368421,0.24987934020004773,0.2199472972240887,0.530173363850305
344,1354345200.0,24.818181818181817,11.840909090909092,0.06818181818181818,0.2754029063931243,0.1445007372054864,0.5800963518294421
345,1354431600.0,31.12,14.24,0.16,0.22333241418004035,0.1871433838456869,0.5895241993665695
346,1354431600.0,31.12,14.24,0.16,0.22333241418004035,0.1871433838456869,0.5895241993665695
347,1354518000.0,31.095238095238095,17.857142857142858,0.19047619047619047,0.16382448641317232,0.1665215552119272,0.669653962055842
348,1354604400.0,31.2,18.6,0.11428571428571428,0.21282061694988183,0.15744108334183693,0.6297382950782776
349,1354690800.0,29.178571428571427,17.428571428571427,0.03571428571428571,0.20915936978001679,0.1843411350024066,0.6064994952508381
350,1354777200.0,29.448275862068964,13.344827586206897,0.034482758620689655,0.23752900598378018,0.16660728732702032,0.5958637009406912
351,1354863600.0,22.5,24.09375,0.09375,0.2560558724217117,0.1835849075578153,0.560359213501215
352,1354950000.0,11.588235294117647,15.882352941176471,0.0,0.2994759990011944,0.18197378075188575,0.5185502118924085
353,1355036400.0,29.916666666666668,14.75,0.0,0.2317106797515104,0.21920723712537438,0.5490820780396461
354,1355122800.0,23.454545454545453,14.863636363636363,0.09090909090909091,0.21874427592212503,0.1790698562240736,0.6021858616308733
355,1355209200.0,25.2,12.5,0.0,0.2668728064512834,0.17622119965963065,0.5569059837609529
356,1355295600.0,31.805555555555557,11.86111111111111,0.08333333333333333,0.22098283604201344,0.14094553978389335,0.638071616490682
357,1355382000.0,37.68421052631579,16.94736842105263,0.18421052631578946,0.19581215779640174,0.1633315682166109,0.6408562675902718
358,1355468400.0,26.5625,17.3125,0.0,0.25314154631147784,0.20233703994502625,0.5445214044302702
359,1355554800.0,13.409090909090908,19.90909090909091,0.0,0.29011139036579564,0.20700258964842017,0.5028860054232858
360,1355641200.0,25.565217391304348,19.08695652173913,0.043478260869565216,0.24832197545987109,0.18938176358199638,0.5622962428175885
361,1355727600.0,21.0,20.0,0.0,0.2706093341112137,0.18945806173400748,0.5399325953589545
362,1355814000.0,32.86842105263158,14.5,0.13157894736842105,0.1904601230237045,0.11871155390613958,0.6908283123844549
363,1355900400.0,24.424242424242426,11.151515151515152,0.09090909090909091,0.23999032457218025,0.14402333017664426,0.6159863327488755
364,1355986800.0,27.933333333333334,11.566666666666666,0.16666666666666666,0.26219833629826705,0.18357585119083525,0.5542258009314537
365,1356073200.0,17.325,15.375,0.1,0.2591458454262465,0.1792661977931857,0.561587943136692
366,1356159600.0,17.708333333333332,10.5,0.0,0.2910859154847761,0.19749804155435413,0.5114160304268202
367,1356246000.0,35.05263157894737,13.578947368421053,0.0,0.2126441229330866,0.1979333777960978,0.5894224973101365
368,1356332400.0,18.904761904761905,12.333333333333334,0.0,0.2736155287850471,0.16852404487629732,0.5578604198637462
369,1356418800.0,16.153846153846153,29.615384615384617,0.0,0.2868519721982571,0.24121917325716752,0.4719288440851065
370,1356505200.0,30.055555555555557,9.333333333333334,0.0,0.21418964076373312,0.137542139324877,0.6482682029406229
371,1356591600.0,8.823529411764707,12.705882352941176,0.0,0.323305386611644,0.19457181696506107,0.4821227823986727
372,1356678000.0,13.764705882352942,24.41176470588235,0.0,0.28356510159723897,0.18354157040662625,0.5328933140810799
373,1356764400.0,17.035714285714285,13.178571428571429,0.03571428571428571,0.2840260844012456,0.2025000266065555,0.513473874756268
374,1356850800.0,17.736842105263158,12.526315789473685,0.0,0.2235600585608106,0.16703881548815652,0.6094011193827579
375,1356937200.0,27.470588235294116,24.41176470588235,0.058823529411764705,0.23219027435954878,0.21124265638782697,0.5565670605968026
376,1357023600.0,29.74074074074074,8.814814814814815,0.14814814814814814,0.24079191408775472,0.13886292561612748,0.6203451531904715
377,1357110000.0,21.17391304347826,10.869565217391305,0.043478260869565216,0.22897287603953612,0.1438979173646025,0.6271291997121728
378,1514876400.0,15.98019801980198,5.138613861386139,0.10891089108910891,0.14843045886937933,0.15778764018254116,0.69378189296268
379,1514876400.0,15.98019801980198,5.138613861386139,0.10891089108910891,0.14843045886937933,0.15778764018254116,0.69378189296268
380,1514962800.0,18.980198019801982,9.069306930693068,0.04950495049504951,0.15512330579285574,0.1576234806365896,0.6872532093288874
381,1514876400.0,15.98019801980198,5.138613861386139,0.10891089108910891,0.14843045886937933,0.15778764018254116,0.69378189296268
382,1514962800.0,18.980198019801982,9.069306930693068,0.04950495049504951,0.15512330579285574,0.1576234806365896,0.6872532093288874
383,1515049200.0,16.313725490196077,4.627450980392157,0.09803921568627451,0.13689071267806724,0.16363462678375928,0.6994746556761218
384,1515135600.0,18.284313725490197,1.607843137254902,0.08823529411764706,0.16352860846867165,0.14741078433672003,0.6890606024101669
385,1515222000.0,15.235294117647058,61.411764705882355,0.0392156862745098,0.1377944889679259,0.19855011160503708,0.6636553927525586
386,1515308400.0,15.742574257425742,5.851485148514851,0.09900990099009901,0.1512045114863627,0.15746049674246276,0.6913349876309386
387,1515394800.0,22.514851485148515,3.495049504950495,0.0297029702970297,0.12340184236590815,0.147130264458016,0.7294678862142091
388,1515481200.0,17.00990099009901,13.217821782178218,0.009900990099009901,0.15178451673266027,0.16689133572180082,0.6813241386472588
389,1515567600.0,15.811881188118813,98.63366336633663,0.0594059405940594,0.1497807967024717,0.17692256973374007,0.6732966272105084
390,1515654000.0,14.257425742574258,15.277227722772277,0.039603960396039604,0.17092336574108294,0.15977178584544524,0.6693048385700376
391,1515740400.0,11.333333333333334,65.18627450980392,0.0392156862745098,0.20702291705517792,0.1808800349724205,0.6120970430327397
392,1515826800.0,22.306930693069308,6.445544554455446,0.06930693069306931,0.12275142729798756,0.15721109069625636,0.7200374713923672
393,1515913200.0,15.891089108910892,39.78217821782178,0.0891089108910891,0.1495174223206716,0.15452314646785506,0.6959594276244983
394,1515999600.0,12.490196078431373,11.77450980392157,0.029411764705882353,0.14506045611136975,0.1725748776476465,0.6823646563707906
395,1516086000.0,20.425742574257427,8.099009900990099,0.009900990099009901,0.15918281095305292,0.15171966680537652,0.6890975108536164
396,1516172400.0,13.752475247524753,8.504950495049505,0.039603960396039604,0.1803537216590773,0.167471855316348,0.6521744177040487
397,1516258800.0,4.178217821782178,81.21782178217822,0.0,0.25121200035814895,0.20248423015127087,0.5463037584530245
398,1516345200.0,11.568627450980392,3.3627450980392157,0.0,0.14693018848843434,0.17353153485330006,0.6795382683767992
399,1516431600.0,16.774509803921568,32.38235294117647,0.00980392156862745,0.15541703195548526,0.1612282994970241,0.6833546656896087
400,1516518000.0,21.480392156862745,9.068627450980392,0.058823529411764705,0.12713611478387726,0.15760447319560483,0.7152594085417542
401,1516604400.0,12.990099009900991,4.554455445544554,0.039603960396039604,0.1729959105833037,0.18819982497630142,0.6388042552931474
402,1516690800.0,13.287128712871286,5.198019801980198,0.009900990099009901,0.1694448701115233,0.1861943877256005,0.644360738502133
403,1516777200.0,14.861386138613861,12.05940594059406,0.04950495049504951,0.19016075453324482,0.16101692747877966,0.6488223103898587
404,1516863600.0,14.534653465346535,6.7227722772277225,0.09900990099009901,0.18644192289229078,0.166769700235512,0.6467883724092257
405,1516950000.0,17.07920792079208,4.514851485148514,0.06930693069306931,0.1490313295865118,0.1619834209248276,0.6889852363579344
406,1517036400.0,17.03921568627451,3.588235294117647,0.049019607843137254,0.1639211253244795,0.18005262083355703,0.656026247523579
407,1517122800.0,11.376237623762377,9.425742574257425,0.04950495049504951,0.1820964794974811,0.14922450268917745,0.6686790072091735
408,1517209200.0,22.88118811881188,53.663366336633665,0.04950495049504951,0.13983058833544798,0.15291821608541184,0.7072511908441487
409,1517295600.0,15.237623762376238,6.891089108910891,0.0297029702970297,0.14265268609517873,0.16531826135250602,0.6920290449173143
410,1517382000.0,15.495049504950495,44.257425742574256,0.0297029702970297,0.16158087282340125,0.17170448886175263,0.6667146284391384
411,1517468400.0,10.811881188118813,118.70297029702971,0.04950495049504951,0.2005416045315785,0.16234387047957666,0.6371145170218874
412,1517554800.0,10.411764705882353,31.019607843137255,0.00980392156862745,0.1634321029243224,0.18114661634443144,0.6554212752802699
413,1517554800.0,10.411764705882353,31.019607843137255,0.00980392156862745,0.1634321029243224,0.18114661634443144,0.6554212752802699
414,1517641200.0,10.336633663366337,11.316831683168317,0.009900990099009901,0.22190995757827664,0.21258717319826678,0.5655028599471149
415,1517727600.0,9.435643564356436,25.14851485148515,0.009900990099009901,0.21678314931543158,0.17856816421862287,0.6046486763965966
416,1517814000.0,14.490196078431373,14.823529411764707,0.029411764705882353,0.17820432576734355,0.1815179907168974,0.6402776789869747
417,1517900400.0,4.801980198019802,34.415841584158414,0.0,0.2551263051365714,0.20195594648507856,0.5429177373500154
418,1517986800.0,9.666666666666666,21.754901960784313,0.00980392156862745,0.23469804716753026,0.17344110844401167,0.591860835531763
419,1518073200.0,15.198019801980198,47.37623762376238,0.0297029702970297,0.17669156785722417,0.17010075706841038,0.6532076668031145
420,1518159600.0,15.049504950495049,3.396039603960396,0.04950495049504951,0.1837899248475338,0.19092709154333218,0.6252829775878108
421,1518246000.0,10.673267326732674,9.742574257425742,0.019801980198019802,0.1819032317875783,0.17931565004262592,0.638781110636226
422,1518332400.0,17.754901960784313,3.7941176470588234,0.049019607843137254,0.17974270009161794,0.18254905044302053,0.637708236627719
423,1518418800.0,17.198019801980198,44.584158415841586,0.019801980198019802,0.16898097773774132,0.1518081078711565,0.679210901260376
424,1518505200.0,14.03921568627451,9.019607843137255,0.058823529411764705,0.16733923066845713,0.17663211758960695,0.6560286442000492
425,1518591600.0,14.207920792079207,15.495049504950495,0.0,0.1505165405866533,0.17231577869025197,0.6771676696025499
426,1518678000.0,10.852941176470589,26.254901960784313,0.0,0.18028702898243187,0.1843719684299739,0.6353409936761155
427,1518764400.0,15.637254901960784,17.235294117647058,0.049019607843137254,0.17820528872749386,0.17992237178316595,0.6418723324496373
428,1518850800.0,16.207920792079207,9.158415841584159,0.039603960396039604,0.16728309197074706,0.17917599957805164,0.6535409006594431
429,1518937200.0,12.504950495049505,255.72277227722773,0.04950495049504951,0.15731630636618868,0.17344236562010085,0.669241321854072
430,1519023600.0,14.94059405940594,32.554455445544555,0.0,0.15728433467078917,0.18057817274169757,0.6621374788850841
431,1519110000.0,13.029411764705882,9.264705882352942,0.029411764705882353,0.17732120212167501,0.15746235707774758,0.6652164316060496
432,1519196400.0,15.514851485148515,11.049504950495049,0.0297029702970297,0.17514848802238703,0.18483732865736036,0.6400141765428061
433,1519282800.0,12.841584158415841,5.772277227722772,0.0297029702970297,0.18471334924423458,0.1738153646082276,0.6414712799141312
434,1519369200.0,14.990196078431373,6.333333333333333,0.0784313725490196,0.16038598493654646,0.15232966321648336,0.6872843400958706
435,1519455600.0,19.08910891089109,11.217821782178218,0.0297029702970297,0.14555824068513248,0.18091693238382883,0.6735248176546971
436,1519542000.0,16.45098039215686,10.990196078431373,0.029411764705882353,0.1632453396405075,0.158946339552309,0.6778083148540235
437,1519628400.0,13.198019801980198,15.217821782178218,0.0594059405940594,0.1936433926999274,0.17822351880224035,0.6281330809734835
438,1519714800.0,12.465346534653465,10.049504950495049,0.09900990099009901,0.1733894541970279,0.16931695714224093,0.6572935773004399
439,1519801200.0,20.445544554455445,9.732673267326733,0.0297029702970297,0.1715531467487759,0.16460678464557865,0.6638400646867139
440,1519887600.0,14.871287128712872,7.782178217821782,0.039603960396039604,0.16750169949292545,0.20524877600261185,0.6272495203826687
441,1519974000.0,17.702970297029704,10.366336633663366,0.039603960396039604,0.16790456629109266,0.16044793851526068,0.6716474886282836
442,1519974000.0,17.702970297029704,10.366336633663366,0.039603960396039604,0.16790456629109266,0.16044793851526068,0.6716474886282836
443,1520060400.0,17.470588235294116,11.196078431372548,0.06862745098039216,0.16690396296097806,0.17163636762758389,0.6614596569070629
444,1520146800.0,13.267326732673267,10.0,0.0297029702970297,0.20189536716973427,0.17210188965396125,0.6260027376436951
445,1520233200.0,13.107843137254902,10.705882352941176,0.0392156862745098,0.18944407756641216,0.1889920191401068,0.6215638977055457
446,1520319600.0,12.425742574257425,6.792079207920792,0.039603960396039604,0.1866711682667679,0.16280171307412408,0.6505271118171144
447,1520406000.0,13.705882352941176,26.42156862745098,0.0196078431372549,0.21119297671990067,0.1851764306718228,0.6036305858516225
448,1520492400.0,12.294117647058824,2.9313725490196076,0.0196078431372549,0.17726074774548703,0.17920082313574703,0.6435384192303115
449,1520578800.0,14.316831683168317,14.782178217821782,0.039603960396039604,0.16370087786402443,0.16934701095860782,0.6669521041878379
450,1520665200.0,13.637254901960784,67.76470588235294,0.049019607843137254,0.1921520432475589,0.2071829635704703,0.6006649830104673
451,1520751600.0,14.217821782178218,10.188118811881187,0.10891089108910891,0.15867375084521748,0.1613083349743692,0.6800179072830936
452,1520834400.0,11.647058823529411,118.80392156862744,0.0196078431372549,0.2008945980091013,0.18207765561437197,0.6170277374924398
453,1520920800.0,14.326732673267326,56.84158415841584,0.0,0.16214444185837662,0.16925313537663753,0.6686024185233187
454,1521007200.0,10.485148514851485,25.237623762376238,0.0,0.14801675651111815,0.17985761158242083,0.6721256245480906
455,1521093600.0,18.455445544554454,5.267326732673268,0.0594059405940594,0.1589080089481898,0.15776303080417733,0.6833289530460197
456,1521180000.0,16.653465346534652,13.485148514851485,0.009900990099009901,0.15116361817252813,0.1626964166926423,0.6861399600263869
457,1521266400.0,12.801980198019802,26.95049504950495,0.009900990099009901,0.2082173620525858,0.17951896556164368,0.6122636665949727
458,1521352800.0,14.970588235294118,6.068627450980392,0.029411764705882353,0.17655478766662816,0.16319263279985854,0.6602525705215978
459,1521439200.0,15.05940594059406,19.722772277227723,0.06930693069306931,0.1554482472636322,0.1753980622506968,0.6691536845473369
460,1521525600.0,15.598039215686274,5.235294117647059,0.0392156862745098,0.16413932555702096,0.19524009845347381,0.6406205683471817
461,1521612000.0,14.742574257425742,1.4059405940594059,0.009900990099009901,0.1710124258136395,0.17865706969163206,0.6503305016546557
462,1521698400.0,15.257425742574258,16.673267326732674,0.0297029702970297,0.17254153937839045,0.1525847806622929,0.6748736671882101
463,1521784800.0,14.445544554455445,18.02970297029703,0.0,0.1805988222471263,0.15410280377041585,0.6652983694088341
464,1521871200.0,11.871287128712872,43.93069306930693,0.04950495049504951,0.18971923956334,0.1794109489344577,0.6308697997638495
465,1521957600.0,14.470588235294118,18.862745098039216,0.06862745098039216,0.1959215183468426,0.1797127785599407,0.6243656967930934
466,1522044000.0,14.607843137254902,4.019607843137255,0.029411764705882353,0.17187476287796802,0.16763493198645757,0.6604902992645899
467,1522130400.0,12.198019801980198,34.17821782178218,0.019801980198019802,0.1417116571660384,0.14854740631757396,0.709740933215264
468,1522216800.0,11.554455445544555,23.91089108910891,0.019801980198019802,0.2209456861387975,0.21282327236921186,0.5662310383845084
469,1522303200.0,11.941176470588236,46.872549019607845,0.10784313725490197,0.18974640189359585,0.15997493258841775,0.6502786600122265
470,1522389600.0,12.950495049504951,6.445544554455446,0.009900990099009901,0.170061455495508,0.1869357214816431,0.6430028170937359
471,1522476000.0,19.376237623762375,17.534653465346533,0.0594059405940594,0.16951696456658957,0.16900455035121725,0.6614784778344749
472,1522562400.0,12.702970297029703,5.02970297029703,0.07920792079207921,0.1808423200566875,0.18472255688935224,0.6344351148841405
473,1522648800.0,14.186274509803921,15.27450980392157,0.06862745098039216,0.17342661894565703,0.15637470687757812,0.6701986683788252
474,1522648800.0,14.186274509803921,15.27450980392157,0.06862745098039216,0.17342661894565703,0.15637470687757812,0.6701986683788252
475,1522735200.0,11.138613861386139,10.861386138613861,0.0,0.21573695702718035,0.17686603149159416,0.6073970056996487
476,1522821600.0,14.01980198019802,8.366336633663366,0.009900990099009901,0.1541067416235657,0.18359979571276666,0.6622934571587213
477,1522908000.0,16.833333333333332,6.980392156862745,0.0392156862745098,0.18696703796512357,0.17802621645615527,0.6350067357222239
478,1522994400.0,16.88235294117647,13.990196078431373,0.049019607843137254,0.18901449155208527,0.16447590891381397,0.6465095962379493
479,1523080800.0,13.019607843137255,12.872549019607844,0.0392156862745098,0.1755205650046906,0.1754819182679057,0.6489975083363699
480,1523167200.0,10.910891089108912,11.574257425742575,0.009900990099009901,0.16797282425963347,0.17997893360028466,0.6520482381566031
481,1523253600.0,11.764705882352942,25.352941176470587,0.0,0.19840000909479225,0.16533744691268487,0.6362625421846614
482,1523340000.0,13.862745098039216,11.970588235294118,0.0,0.19065128595513456,0.18099119023912968,0.6283575164921144
483,1523426400.0,14.683168316831683,13.148514851485148,0.0297029702970297,0.19387317253368916,0.19769179212427376,0.6084350322068918
484,1523512800.0,13.088235294117647,9.57843137254902,0.0196078431372549,0.19639978697523475,0.16709706894870774,0.6365031397664079
485,1523599200.0,17.647058823529413,17.54901960784314,0.049019607843137254,0.16667820383593732,0.18218121432023598,0.6511405792598631
486,1523685600.0,14.871287128712872,21.277227722772277,0.04950495049504951,0.2056218883631253,0.16432418898301254,0.6300539148621039
487,1523772000.0,14.049504950495049,35.76237623762376,0.0297029702970297,0.2345900376428767,0.16457725581851337,0.6008326991064714
488,1523858400.0,12.186274509803921,47.23529411764706,0.029411764705882353,0.17795907727935734,0.15743342796157972,0.6646074849893066
489,1523944800.0,18.297029702970296,6.188118811881188,0.0,0.1639255161332612,0.133247739681513,0.7028267410131964
490,1524031200.0,13.069306930693068,28.81188118811881,0.009900990099009901,0.2028349453749338,0.15574235656289476,0.6414226927969715
491,1524117600.0,13.811881188118813,10.504950495049505,0.039603960396039604,0.19590814068618387,0.1907377798423761,0.6133540749254793
492,1524204000.0,14.715686274509803,14.07843137254902,0.0392156862745098,0.1943690089015838,0.1860835907944277,0.6195473931729794
493,1524290400.0,13.594059405940595,11.138613861386139,0.0,0.17045790679974132,0.18421139139313214,0.6453306951218902
494,1524376800.0,18.254901960784313,76.24509803921569,0.049019607843137254,0.16795219378728493,0.153124466638866,0.6789233325158849
495,1524463200.0,17.574257425742573,17.08910891089109,0.039603960396039604,0.16186440997932217,0.16932639349620826,0.6688091947448136
496,1524549600.0,8.715686274509803,26.441176470588236,0.029411764705882353,0.23416587989777327,0.1856722634961354,0.5801618496576945
497,1524636000.0,13.94059405940594,15.05940594059406,0.04950495049504951,0.17365726925395797,0.15133181254905048,0.6750109071041098
498,1524722400.0,14.813725490196079,6.754901960784314,0.0,0.19074379939439834,0.1448123510287819,0.6644438411675248
499,1524808800.0,11.297029702970297,11.643564356435643,0.039603960396039604,0.18151956427805493,0.16912409129303577,0.649356337762115
500,1524895200.0,17.00980392156863,13.705882352941176,0.0196078431372549,0.16938684451594657,0.13930367556966694,0.6913094783530516
501,1524981600.0,12.861386138613861,121.65346534653466,0.0297029702970297,0.18780955224122742,0.1366101340529057,0.6755803073986922
502,1525068000.0,15.05940594059406,3.1782178217821784,0.019801980198019802,0.20743168955023336,0.18906539478477571,0.6035029032442829
503,1525154400.0,12.343137254901961,7.705882352941177,0.00980392156862745,0.23013869751536964,0.1620229779487001,0.6078383171675252
504,1525240800.0,14.306930693069306,22.168316831683168,0.0,0.20333550003643083,0.17135368758757222,0.6253108063546737
505,1525240800.0,14.306930693069306,22.168316831683168,0.0,0.20333550003643083,0.17135368758757222,0.6253108063546737
506,1525327200.0,14.267326732673267,55.613861386138616,0.019801980198019802,0.24042561692692857,0.16495867668291425,0.5946156961640509
507,1525413600.0,15.647058823529411,57.40196078431372,0.029411764705882353,0.20406588287476232,0.1539296559879885,0.6420044542527666
508,1525500000.0,8.323529411764707,70.29411764705883,0.0196078431372549,0.22131723801002784,0.18699226564928598,0.5916904883057463
509,1525586400.0,16.455445544554454,3.4752475247524752,0.0,0.19469712160085098,0.19746613249846615,0.6078367325855364
510,1525672800.0,17.168316831683168,60.554455445544555,0.019801980198019802,0.14899035519228712,0.16622516736941467,0.6847844780376642
511,1525759200.0,15.245098039215685,42.254901960784316,0.00980392156862745,0.2080551114335072,0.15763782991059855,0.6343070531592649
512,1525845600.0,16.30392156862745,14.029411764705882,0.049019607843137254,0.2250227671956607,0.15513699226008326,0.619840233057153
513,1525932000.0,13.465346534653465,7.663366336633663,0.019801980198019802,0.22148975171148777,0.17951296954093002,0.5989972674610591
514,1526018400.0,14.803921568627452,9.254901960784315,0.049019607843137254,0.2253810248666388,0.15228003287213107,0.6223389367554703
515,1526104800.0,10.94059405940594,8.257425742574258,0.009900990099009901,0.18709930108104011,0.17624387236330474,0.6366568172332083
516,1526191200.0,13.05940594059406,10.009900990099009,0.04950495049504951,0.20695947732149375,0.17874463604265214,0.6142958792129366
517,1526277600.0,16.54901960784314,32.53921568627451,0.10784313725490197,0.1907562015432061,0.15322000590865226,0.6560237856910509
518,1526364000.0,13.490196078431373,12.147058823529411,0.0196078431372549,0.22246423227639467,0.18552852894964755,0.5920072265115439
519,1526450400.0,16.92156862745098,7.754901960784314,0.049019607843137254,0.17780026349732103,0.13726841617266045,0.6849313129981359
520,1526536800.0,18.504950495049506,9.673267326732674,0.019801980198019802,0.1799760271822757,0.19225716973553494,0.6277668002513376
521,1526623200.0,17.871287128712872,27.534653465346533,0.019801980198019802,0.18229602917217383,0.19804944479284753,0.619654523559136
522,1526709600.0,18.257425742574256,6.623762376237623,0.04950495049504951,0.19264684886773034,0.15822135627564818,0.6491317865577074
523,1526796000.0,15.207920792079207,8.009900990099009,0.0297029702970297,0.19346265055903114,0.152013679652816,0.6545236627064129
524,1526882400.0,11.108910891089108,16.81188118811881,0.0594059405940594,0.22528023492212934,0.1616210619928223,0.6130986976446492
525,1526968800.0,19.88235294117647,11.568627450980392,0.0392156862745098,0.17771039740638991,0.15030467276479684,0.671984922652151
526,1527055200.0,15.01980198019802,6.693069306930693,0.0297029702970297,0.20885831796296753,0.17532583950364058,0.6158158370468876
527,1527141600.0,14.57843137254902,9.833333333333334,0.029411764705882353,0.19452562687151573,0.15987093784097656,0.6456034326670217
528,1527228000.0,21.313725490196077,5.196078431372549,0.0392156862745098,0.18196352907255584,0.17500268089968493,0.6430337884846855
529,1527314400.0,18.08823529411765,7.803921568627451,0.049019607843137254,0.18896401536596172,0.15941856684638003,0.6516174096979347
530,1527400800.0,15.862745098039216,22.107843137254903,0.029411764705882353,0.21338348212998873,0.13515566849131502,0.651460845534708
531,1527487200.0,12.784313725490197,8.990196078431373,0.0392156862745098,0.19233147886709548,0.17883809746297843,0.6288304174063253
532,1527573600.0,12.127450980392156,11.686274509803921,0.0196078431372549,0.1818516895394115,0.17580871248398633,0.6423395879055355
533,1527660000.0,20.647058823529413,5.147058823529412,0.0392156862745098,0.17251194715865104,0.15198986728986105,0.675498177753944
534,1527746400.0,15.05940594059406,58.48514851485149,0.0297029702970297,0.19596518992935077,0.19161083059625164,0.6124239692298492
535,1527832800.0,15.01980198019802,6.287128712871287,0.0,0.20954657220604397,0.16305286567289345,0.6274005549378915
536,1527919200.0,17.702970297029704,32.76237623762376,0.009900990099009901,0.21973415573892913,0.17703476691120626,0.6032310734585961
537,1527919200.0,17.702970297029704,32.76237623762376,0.009900990099009901,0.21973415573892913,0.17703476691120626,0.6032310734585961
538,1528005600.0,21.833333333333332,5.901960784313726,0.0392156862745098,0.18394524072680404,0.16835577323959738,0.6476989806282754
539,1528092000.0,17.722772277227723,4.673267326732673,0.039603960396039604,0.19377708772547764,0.1851892287077585,0.6210336729441539
540,1528178400.0,19.107843137254903,4.421568627450981,0.06862745098039216,0.182768113034613,0.17393087179345243,0.643301008524848
541,1528264800.0,16.415841584158414,9.792079207920793,0.04950495049504951,0.18043466983824083,0.17667943899436753,0.6428858806001078
542,1528351200.0,14.900990099009901,4.821782178217822,0.019801980198019802,0.21727313940404075,0.15983689542269647,0.6228899550024826
543,1528437600.0,12.356435643564357,43.76237623762376,0.0297029702970297,0.18176352568339593,0.18153156387149402,0.6367049068212509
544,1528524000.0,18.18811881188119,16.15841584158416,0.0594059405940594,0.19836383281589146,0.15373361108843053,0.6479025496409672
545,1528610400.0,14.247524752475247,21.207920792079207,0.039603960396039604,0.1974486020015608,0.19545566270330755,0.6070957275310366
546,1528696800.0,13.128712871287128,24.594059405940595,0.019801980198019802,0.1842924605427992,0.19643380412702807,0.6192737282945378
547,1528783200.0,16.445544554455445,5.683168316831683,0.039603960396039604,0.1743816977901624,0.1738365679186317,0.6517817317554266
548,1528869600.0,16.415841584158414,23.524752475247524,0.039603960396039604,0.18119067846253367,0.19102345235959287,0.6277858603856351
549,1528956000.0,13.92079207920792,20.198019801980198,0.009900990099009901,0.199520021547923,0.14551127459485047,0.6549686938524246
550,1529042400.0,12.813725490196079,39.509803921568626,0.049019607843137254,0.17898781820401258,0.16186462619396694,0.6591475506623586
551,1529128800.0,11.386138613861386,9.534653465346535,0.0594059405940594,0.18745326154892988,0.19958762010319694,0.6129591114597746
552,1529215200.0,9.742574257425742,12.009900990099009,0.0297029702970297,0.20957213660499246,0.18366833874900448,0.6067595158030491
553,1529301600.0,16.96039603960396,26.168316831683168,0.06930693069306931,0.16226488176622603,0.19555863625563608,0.6421764724989338
554,1529388000.0,17.623762376237625,22.22772277227723,0.0297029702970297,0.19622017212654694,0.20008181248524107,0.6036980174260564
555,1529474400.0,15.257425742574258,24.653465346534652,0.039603960396039604,0.19872547261933288,0.15949922812973508,0.6417752904909673
556,1529560800.0,19.833333333333332,9.450980392156863,0.0392156862745098,0.17293046430374184,0.21454311509196664,0.6125264118845556
557,1529647200.0,16.89108910891089,41.445544554455445,0.07920792079207921,0.22046981543523841,0.13697721988958592,0.6425529556846855
558,1529733600.0,16.514851485148515,23.702970297029704,0.0,0.15558557669715126,0.18688134004426474,0.6575330761399599
559,1529820000.0,17.931372549019606,7.509803921568627,0.0196078431372549,0.1671929248955612,0.19007386350273794,0.6427332048907
560,1529906400.0,16.93069306930693,17.88118811881188,0.0297029702970297,0.20924940762469674,0.1720602842287557,0.6186903010279236
561,1529992800.0,11.254901960784315,12.813725490196079,0.0392156862745098,0.20355727876006974,0.16585888947341956,0.6305838245533261
562,1530079200.0,14.196078431372548,21.754901960784313,0.0392156862745098,0.21078984831989395,0.18184611180285906,0.6073640300435763
563,1530165600.0,20.207920792079207,8.92079207920792,0.019801980198019802,0.1682842086152275,0.15064784048106705,0.6810679432779255
564,1530252000.0,16.287128712871286,11.891089108910892,0.06930693069306931,0.20135447509254856,0.17622354682903774,0.6224219738183046
565,1530338400.0,15.782178217821782,25.257425742574256,0.009900990099009901,0.18098668196229356,0.17559712458549454,0.64341618644424
566,1530424800.0,15.861386138613861,30.386138613861387,0.0,0.19292169097479028,0.16320492211950594,0.6438733749460466
567,1530511200.0,17.519607843137255,17.92156862745098,0.029411764705882353,0.18494565994935294,0.15840730162830474,0.6566470328207109
568,1530511200.0,17.519607843137255,17.92156862745098,0.029411764705882353,0.18494565994935294,0.15840730162830474,0.6566470328207109
569,1530597600.0,13.46078431372549,55.38235294117647,0.00980392156862745,0.2140915920483131,0.19367757082606354,0.5922308264701974
570,1530684000.0,11.264705882352942,8.735294117647058,0.0392156862745098,0.2176343023996143,0.18355493979784204,0.5988107496032528
571,1530770400.0,13.653465346534654,7.6138613861386135,0.0297029702970297,0.1994392710120076,0.16463663044505486,0.6359240867123745
572,1530856800.0,23.65686274509804,11.627450980392156,0.058823529411764705,0.18536464340400463,0.15563932764709143,0.6589960225072562
573,1530943200.0,17.833333333333332,30.19607843137255,0.0784313725490196,0.184317407417385,0.15716901158585267,0.6585135782758395
574,1531029600.0,13.245098039215685,42.07843137254902,0.049019607843137254,0.19591230254474223,0.17315004945860482,0.6309376367751289
575,1531116000.0,15.118811881188119,11.92079207920792,0.0,0.20055540845646422,0.17240625542431776,0.6270383308724602
576,1531202400.0,16.356435643564357,8.782178217821782,0.019801980198019802,0.18233344438347485,0.14496581305261,0.6727007387003096
577,1531288800.0,14.544554455445544,47.12871287128713,0.039603960396039604,0.19242831456963674,0.18988297071934926,0.6176887087634589
578,1531375200.0,14.930693069306932,14.207920792079207,0.0594059405940594,0.22002265604194438,0.1545057660614205,0.6254715717369967
579,1531461600.0,15.509803921568627,16.225490196078432,0.00980392156862745,0.19817361746932946,0.1586708025458981,0.6431555778664702
580,1531548000.0,12.633663366336634,8.396039603960396,0.009900990099009901,0.20744683962352206,0.19915414097635906,0.5933990124428626
581,1531634400.0,16.99009900990099,7.445544554455446,0.009900990099009901,0.18577541153656668,0.20404836583403077,0.6101762155937677
582,1531720800.0,16.792079207920793,43.801980198019805,0.019801980198019802,0.17586013726373712,0.18247611146641546,0.641663749287329
583,1531807200.0,12.617647058823529,6.1568627450980395,0.0392156862745098,0.228773597372221,0.17055701396848058,0.6006693792912889
584,1531893600.0,16.53921568627451,4.323529411764706,0.0,0.1885202460210113,0.13016416774332232,0.6813155871761196
585,1531980000.0,18.77227722772277,6.861386138613861,0.019801980198019802,0.16812924103866708,0.16524444238310404,0.6666263114697862
586,1532066400.0,9.356435643564357,29.178217821782177,0.009900990099009901,0.2149700176726916,0.16826926024243383,0.6167607126702176
587,1532152800.0,14.558823529411764,8.72549019607843,0.049019607843137254,0.19730114234684437,0.1813902252846781,0.6213086221878436
588,1532239200.0,11.049504950495049,11.504950495049505,0.009900990099009901,0.19612338725883183,0.1739150710256383,0.6299615314986446
589,1532325600.0,21.480392156862745,12.666666666666666,0.0196078431372549,0.1881024749840007,0.16219604038176874,0.6497014788728134
590,1532412000.0,18.386138613861387,39.97029702970297,0.04950495049504951,0.2038101698133615,0.14998868195395362,0.6462011474488986
591,1532498400.0,22.77227722772277,5.01980198019802,0.04950495049504951,0.170953142853214,0.14123105522392704,0.687815796620775
592,1532584800.0,18.18811881188119,11.405940594059405,0.019801980198019802,0.18187586832238306,0.1502084971525439,0.6679156225654158
593,1532671200.0,18.186274509803923,16.754901960784313,0.06862745098039216,0.17668852078564026,0.17287061933208914,0.6504408512629715
594,1532757600.0,12.07920792079208,12.495049504950495,0.009900990099009901,0.198934983895483,0.15538657796891905,0.6456784337463946
595,1532844000.0,16.754901960784313,8.96078431372549,0.029411764705882353,0.19283557274177962,0.15199197239845114,0.6551724480939847
596,1532930400.0,13.970297029702971,19.980198019801982,0.04950495049504951,0.18483884000025763,0.1947049086009807,0.6204562451100291
597,1533016800.0,15.46078431372549,9.07843137254902,0.06862745098039216,0.17606043885005454,0.1582928717355518,0.6656466837534133
598,1533103200.0,18.297029702970296,25.96039603960396,0.019801980198019802,0.19490388375107603,0.14336943717691863,0.6617266726818415
599,1533189600.0,14.891089108910892,3.722772277227723,0.1188118811881188,0.20828018567091464,0.16672047396365663,0.6249993319558625
600,1533189600.0,14.891089108910892,3.722772277227723,0.1188118811881188,0.20828018567091464,0.16672047396365663,0.6249993319558625
601,1533276000.0,16.693069306930692,18.89108910891089,0.0594059405940594,0.20540307912200984,0.1414529035642448,0.6531440083048131
602,1533362400.0,13.772277227722773,12.217821782178218,0.0297029702970297,0.19799443013449708,0.15972522517555568,0.642280343698688
603,1533448800.0,13.198019801980198,5.554455445544554,0.0297029702970297,0.17329685816006496,0.1754435698621639,0.6512595645271906
604,1533535200.0,13.574257425742575,7.564356435643564,0.009900990099009901,0.1699429514384506,0.18217326001734427,0.647883780816994
605,1533621600.0,11.405940594059405,5.227722772277228,0.0297029702970297,0.19720401072708688,0.14847266203769954,0.6543233205776403
606,1533708000.0,13.495049504950495,21.128712871287128,0.0297029702970297,0.22212392333341707,0.15972732672338733,0.6181487449546261
607,1533794400.0,13.356435643564357,21.93069306930693,0.019801980198019802,0.20643640401782376,0.16077553459655236,0.6327880575220184
608,1533880800.0,15.405940594059405,15.435643564356436,0.019801980198019802,0.1922407544928022,0.1695020076735775,0.6382572279486916
609,1533967200.0,10.337662337662337,32.142857142857146,0.03896103896103896,0.1794740107732934,0.19259319198015448,0.627932785538497
610,1534053600.0,12.210526315789474,24.25,0.02631578947368421,0.16116075405213787,0.20310927007200294,0.6357299657048363
611,1534140000.0,15.990099009900991,13.237623762376238,0.09900990099009901,0.1822611600400345,0.1878322369262281,0.6299065942000045
612,1534226400.0,16.431372549019606,44.09803921568628,0.0392156862745098,0.20040939824984355,0.19345020243496286,0.606140396539487
613,1534312800.0,8.588235294117647,8.235294117647058,0.0,0.2305605263248378,0.17257395705354273,0.5968655061488058
614,1534399200.0,18.823529411764707,22.166666666666668,0.0196078431372549,0.19302208531720966,0.17622403683615664,0.6307538706151878
615,1534485600.0,15.386138613861386,7.356435643564357,0.07920792079207921,0.19288681373737826,0.16911446239504188,0.6379987169610392
616,1534572000.0,20.30392156862745,7.215686274509804,0.0196078431372549,0.16361934983847187,0.1617369547614134,0.674643692724845
617,1534658400.0,9.852941176470589,4.6568627450980395,0.049019607843137254,0.19334985778721817,0.1814815684532126,0.6251685682172868
618,1534744800.0,18.346534653465348,14.287128712871286,0.0891089108910891,0.16695708861703626,0.1905816966335815,0.6424612132555777
619,1534831200.0,14.267326732673267,16.77227722772277,0.009900990099009901,0.19644468561700074,0.18142848672105535,0.6221268196212183
620,1534917600.0,12.069306930693068,48.76237623762376,0.019801980198019802,0.18052997705664967,0.1575395333128843,0.6619304821337804
621,1535004000.0,17.88118811881188,14.564356435643564,0.04950495049504951,0.18051873801257645,0.16818706637783215,0.6512941897726885
622,1535090400.0,13.745098039215685,16.15686274509804,0.0392156862745098,0.1838667396839489,0.19040025450636214,0.625733000317625
623,1535176800.0,14.029702970297029,11.009900990099009,0.019801980198019802,0.2033660895200354,0.17255356196904242,0.6240803402396712
624,1535263200.0,14.049504950495049,11.178217821782178,0.0297029702970297,0.18971174153139686,0.17607452539671767,0.6342137224308335
625,1535349600.0,16.02970297029703,18.287128712871286,0.039603960396039604,0.17593089712433296,0.16179881392434092,0.6622702840826299
626,1535436000.0,13.564356435643564,12.198019801980198,0.0297029702970297,0.2109977174550295,0.15281258271730477,0.6361896941567412
627,1535522400.0,15.623762376237623,36.0,0.019801980198019802,0.18856020467263637,0.15599190387506,0.6554478841400383
628,1535608800.0,11.94059405940594,9.881188118811881,0.019801980198019802,0.218271035442848,0.1824471525995448,0.5992817983473882
629,1535695200.0,13.178217821782178,21.396039603960396,0.0,0.18368971121893957,0.20196056996684264,0.6143497117970249
630,1535781600.0,15.930693069306932,8.158415841584159,0.0297029702970297,0.20570294602340697,0.19484489827905552,0.5994521474631707
631,1535868000.0,14.435643564356436,7.603960396039604,0.04950495049504951,0.18981630319157744,0.15469041687095225,0.6554932735934116
632,1535868000.0,14.435643564356436,7.603960396039604,0.04950495049504951,0.18981630319157744,0.15469041687095225,0.6554932735934116
633,1535954400.0,14.287128712871286,24.08910891089109,0.039603960396039604,0.18132376263268513,0.17470633091939852,0.6439698994307235
634,1536040800.0,13.480392156862745,24.0,0.00980392156862745,0.2327850981633745,0.15130690505326377,0.615907986593597
635,1536127200.0,10.92156862745098,5.617647058823529,0.029411764705882353,0.22075333344001397,0.16233153734356165,0.6169151168535737
636,1536213600.0,9.450980392156863,13.901960784313726,0.029411764705882353,0.2125872909730556,0.19983869500677376,0.5875740065878513
637,1536300000.0,12.607843137254902,8.892156862745098,0.049019607843137254,0.18804779530082846,0.166984177495846,0.6449680188122917
638,1536386400.0,17.95049504950495,41.633663366336634,0.019801980198019802,0.19333039185419532,0.18576515201331661,0.6209044463858746
639,1536472800.0,11.794117647058824,39.470588235294116,0.049019607843137254,0.23423488257343278,0.1817570070863939,0.5840081026156744
640,1536559200.0,14.07843137254902,24.137254901960784,0.0392156862745098,0.1762928477871944,0.18317795868086464,0.6405291840726254
641,1536645600.0,20.594059405940595,6.198019801980198,0.0594059405940594,0.16616490641885465,0.16083365834622396,0.6730014310024752
642,1536732000.0,14.910891089108912,21.326732673267326,0.06930693069306931,0.2174935508427201,0.1980632508155143,0.5844431939248992
643,1536818400.0,17.900990099009903,25.485148514851485,0.0891089108910891,0.18523404177388933,0.17961658294875138,0.6351493675224852
644,1536904800.0,13.673267326732674,14.03960396039604,0.0297029702970297,0.20029829512580788,0.1995771683863189,0.6001245269533431
645,1536991200.0,15.294117647058824,9.42156862745098,0.06862745098039216,0.2139380738029585,0.1680227298581717,0.6180391846334233
646,1537077600.0,15.01980198019802,5.663366336633663,0.039603960396039604,0.19580134713450575,0.15670964094155496,0.6474890050911667
647,1537164000.0,18.663366336633665,8.128712871287128,0.06930693069306931,0.20298600238332948,0.14471784423538805,0.6522961501585375
648,1537250400.0,11.441176470588236,25.931372549019606,0.0392156862745098,0.20094680280296826,0.16692627128213644,0.6321269170034165
649,1537336800.0,13.495049504950495,23.03960396039604,0.039603960396039604,0.21915054940941311,0.1797042350183324,0.6011452008370716
650,1537423200.0,15.732673267326733,68.35643564356435,0.07920792079207921,0.19370909968372618,0.16803736778179018,0.6382535250470189
651,1537509600.0,15.099009900990099,8.128712871287128,0.04950495049504951,0.2029591624044103,0.16964096028247092,0.6273998692631721
652,1537596000.0,10.950495049504951,24.504950495049506,0.009900990099009901,0.233701188283244,0.18007703545955148,0.5862217626654276
653,1537682400.0,17.564356435643564,9.96039603960396,0.1188118811881188,0.18104512089549904,0.1566250694196413,0.6623297997630468
654,1537768800.0,16.61764705882353,12.813725490196079,0.029411764705882353,0.17289867525116778,0.17630306185752737,0.6507982563446549
655,1537855200.0,18.38235294117647,20.46078431372549,0.029411764705882353,0.16705533530672684,0.16694601268197098,0.6659986443963706
656,1537941600.0,17.833333333333332,4.872549019607843,0.09803921568627451,0.20187754103658245,0.1799422734709201,0.6181801737231367
657,1538028000.0,12.504950495049505,40.68316831683168,0.0297029702970297,0.2026826458254663,0.15283357411954956,0.6444837742365233
658,1538114400.0,20.06930693069307,4.930693069306931,0.0297029702970297,0.21414349429161833,0.17023342919286968,0.6156230694291616
659,1538200800.0,12.277227722772277,12.178217821782178,0.0297029702970297,0.19730110099483836,0.17222778492671723,0.6304711072456719
660,1538287200.0,9.823529411764707,20.92156862745098,0.00980392156862745,0.23292823921085573,0.1930936261116728,0.5739781272177603
661,1538373600.0,16.81188118811881,13.732673267326733,0.09900990099009901,0.20209133240514168,0.1608747324565112,0.6370339263414982
662,1538460000.0,18.91089108910891,1.0,0.039603960396039604,0.17799528457666977,0.16373969933552907,0.6582650115141774
663,1538460000.0,18.91089108910891,1.0,0.039603960396039604,0.17799528457666977,0.16373969933552907,0.6582650115141774
664,1538546400.0,19.861386138613863,1.0,0.0,0.18164675568442534,0.15064386922017772,0.667709363274055
665,1538632800.0,22.666666666666668,1.0,0.00980392156862745,0.1664993465129359,0.12889204923903533,0.7046086005136079
666,1538719200.0,11.316831683168317,1.0,0.039603960396039604,0.1880318456061996,0.17638626248382105,0.6355818808078766
667,1538805600.0,20.801980198019802,1.0,0.0891089108910891,0.16487197751308433,0.14250107903476103,0.6926269361583313
668,1538892000.0,16.306930693069308,1.0,0.07920792079207921,0.16984052836231076,0.1657152629946128,0.6644442009158654
669,1538978400.0,11.96078431372549,1.0,0.029411764705882353,0.19620138072573087,0.18554528956940652,0.6182533245095435
670,1539064800.0,17.326732673267326,1.0,0.0,0.16720846728744485,0.1654692129001464,0.6673223137265385
671,1539151200.0,16.415841584158414,1.0,0.07920792079207921,0.176553889408265,0.1620819792059241,0.661364122635067
672,1539237600.0,17.386138613861387,1.0,0.04950495049504951,0.19349136430364433,0.15561383035919157,0.6508947960516014
673,1539324000.0,14.297029702970297,0.9900990099009901,0.04950495049504951,0.18259271929538487,0.1791721688454399,0.6382351041135221
674,1539410400.0,20.287128712871286,1.0,0.0891089108910891,0.16409683786332607,0.15806057834352302,0.6778425786754873
675,1539496800.0,13.441176470588236,1.0,0.058823529411764705,0.17760850825146132,0.1549215356216711,0.667469947069299
676,1539583200.0,14.772277227722773,1.0,0.019801980198019802,0.17638383940378627,0.16862758361540808,0.6549885763906607
677,1539669600.0,18.435643564356436,1.0,0.04950495049504951,0.18888523990269934,0.17428709651426513,0.6368276547677446
678,1539756000.0,18.11881188118812,1.0,0.039603960396039604,0.1851433638557054,0.1465130659133786,0.6683435647351907
679,1539842400.0,18.366336633663366,1.0,0.0297029702970297,0.15845057399629955,0.1721786666790595,0.6693707526025205
680,1539928800.0,16.754901960784313,1.0,0.0196078431372549,0.19803699181762105,0.1950349776056029,0.6069280200217869
681,1540015200.0,17.940594059405942,1.0,0.06930693069306931,0.1635449501584367,0.13683452958812808,0.699620514813036
682,1540101600.0,18.686274509803923,1.0,0.029411764705882353,0.17722476555911057,0.18769143398522453,0.6350837919641944
683,1540188000.0,17.84313725490196,1.0,0.058823529411764705,0.18114931928906955,0.18812537759396375,0.6307252937672185
684,1540274400.0,17.336633663366335,1.0,0.04950495049504951,0.18205448099882296,0.1500335746527751,0.6679119373312091
685,1540360800.0,18.059405940594058,1.0,0.0594059405940594,0.1795229376524244,0.15370201966771396,0.6667750398858939
686,1540447200.0,21.03960396039604,1.0,0.039603960396039604,0.18637704899958749,0.1634674356088485,0.650155511306654
687,1540533600.0,11.405940594059405,1.00990099009901,0.04950495049504951,0.22891352061956827,0.1612054816179789,0.6098809887166365
688,1540620000.0,20.26732673267327,1.0,0.0891089108910891,0.16940484625646973,0.15036504811579637,0.6802301013676246
689,1540706400.0,24.00980392156863,1.0,0.049019607843137254,0.18651377807791328,0.15389595757804664,0.6595902555421287
690,1540792800.0,14.833333333333334,1.0,0.049019607843137254,0.19328969328061624,0.17741880389660888,0.6292914953448024
691,1540879200.0,15.168316831683168,1.0,0.04950495049504951,0.2071374230972021,0.18375759221392102,0.6091049788611951
692,1540965600.0,18.683168316831683,1.0,0.019801980198019802,0.19115879953755896,0.1628836992906757,0.6459574939517101
693,1541052000.0,13.92079207920792,1.0,0.0297029702970297,0.21355327991492087,0.16492870639050655,0.6215179992636831
694,1541138400.0,13.118811881188119,1.0,0.009900990099009901,0.21216868963276986,0.18592543706371642,0.6019058672360854
695,1541138400.0,13.118811881188119,1.0,0.009900990099009901,0.21216868963276986,0.18592543706371642,0.6019058672360854
696,1541224800.0,14.029411764705882,1.0,0.049019607843137254,0.1708817551204679,0.16956223912683188,0.6595560011326098
697,1541311200.0,18.00980392156863,0.9705882352941176,0.029411764705882353,0.16172952577471733,0.16559477287399418,0.6726756929328629
698,1541401200.0,18.277227722772277,1.0,0.0594059405940594,0.14810894331940921,0.16949434618069098,0.6823967038699896
699,1541487600.0,20.752475247524753,1.2277227722772277,0.06930693069306931,0.17562759136504466,0.16935737354514918,0.6550150211199676
700,1541574000.0,12.801980198019802,1.0,0.039603960396039604,0.18412097794289636,0.16649520875756987,0.6493838042906015
701,1541660400.0,18.42156862745098,1.0,0.0784313725490196,0.16780741934609764,0.16834915673141093,0.6638434169923558
702,1541746800.0,18.00990099009901,1.0,0.039603960396039604,0.18975238861645213,0.15178193128898299,0.6584656749031331
703,1541833200.0,16.95098039215686,1.0,0.0784313725490196,0.17013107179937995,0.182900071144104,0.6469688471041474
704,1541919600.0,16.323529411764707,1.0,0.0,0.1702757042686583,0.2073159126619644,0.622408379745834
705,1542006000.0,17.598039215686274,0.9901960784313726,0.058823529411764705,0.18756245418141285,0.18610573966311766,0.6263318050871877
706,1542092400.0,16.42156862745098,0.9901960784313726,0.058823529411764705,0.19027389253617502,0.17559948734318218,0.6341266163862219
707,1542178800.0,17.594059405940595,1.0,0.06930693069306931,0.18122100542382438,0.15528698470259067,0.6634920080109398
708,1542265200.0,18.372549019607842,1.0,0.058823529411764705,0.18162117788896842,0.17197167879773997,0.646407137752748
709,1542351600.0,21.34313725490196,1.0,0.11764705882352941,0.16359512989098826,0.14550639633271917,0.6908984737945538
710,1542438000.0,15.558823529411764,1.0,0.029411764705882353,0.17844519543224105,0.17271510301632623,0.6488396954521829
711,1542524400.0,13.752475247524753,1.0,0.0297029702970297,0.17168092340378477,0.20206088586572077,0.6262581824223594
712,1542610800.0,15.049504950495049,1.188118811881188,0.019801980198019802,0.1550206476545865,0.17705811005970923,0.6679212327050691
713,1542697200.0,15.227722772277227,1.0,0.039603960396039604,0.17548249897980453,0.20909733205369793,0.6154201632679099
714,1542783600.0,16.04901960784314,1.0,0.06862745098039216,0.1744442033928399,0.17775664910418437,0.6477991437502936
715,1542870000.0,17.833333333333332,1.0,0.049019607843137254,0.1370329252791171,0.163113081325576,0.6998539860086406
716,1542956400.0,15.891089108910892,1.0,0.019801980198019802,0.19017510225830397,0.17745462842838894,0.6323702592808421
717,1543042800.0,24.643564356435643,1.0,0.0297029702970297,0.15274625917029852,0.15243764515818642,0.6948160871789597
718,1543129200.0,13.637254901960784,1.0,0.058823529411764705,0.16780233197827257,0.21758716148050392,0.6146104999763125
719,1543215600.0,18.84158415841584,1.0,0.06930693069306931,0.16396722540554434,0.14451654750558704,0.6915162257333793
720,1543302000.0,19.00990099009901,1.0,0.039603960396039604,0.15305947331656325,0.17498548584298626,0.6719550342843084
721,1543388400.0,24.294117647058822,1.0,0.049019607843137254,0.15981885292293393,0.15233669854590998,0.6878444382957384
722,1543474800.0,17.495049504950494,1.0,0.019801980198019802,0.1962041336545112,0.19648862965773828,0.6073072321417898
723,1543561200.0,12.098039215686274,1.0,0.00980392156862745,0.2053146187179521,0.17685275912905732,0.6178326172863736
724,1543647600.0,14.990196078431373,1.0,0.029411764705882353,0.16727981375822543,0.1772960481580858,0.6554241313361654
725,1543734000.0,16.207920792079207,1.0,0.039603960396039604,0.16908622907456194,0.1466171258488799,0.6842966370358325
726,1543734000.0,16.207920792079207,1.0,0.039603960396039604,0.16908622907456194,0.1466171258488799,0.6842966370358325
727,1543820400.0,16.96039603960396,1.1782178217821782,0.0297029702970297,0.13959091049757336,0.17359010108958672,0.6868189759183638
728,1543906800.0,17.742574257425744,1.0,0.0594059405940594,0.1638690004457194,0.16741152248797145,0.6687194686198589
729,1543993200.0,14.287128712871286,1.0,0.019801980198019802,0.21301070727075977,0.18878948655311423,0.5981998013535349
730,1544079600.0,20.356435643564357,1.0,0.0297029702970297,0.16261310822856012,0.17120689317805343,0.6661799908938384
731,1544166000.0,17.519607843137255,1.0,0.08823529411764706,0.18209062630821968,0.19672746880564326,0.6211819031513205
732,1544252400.0,20.89108910891089,1.0,0.019801980198019802,0.19111175696817365,0.14114906332722985,0.6677391732683277
733,1544338800.0,17.366336633663366,1.0,0.0594059405940594,0.1616853888026706,0.17120624340996884,0.6671083624668346
734,1544425200.0,23.46078431372549,1.0,0.0196078431372549,0.14829800714391703,0.1807840766257369,0.6709179089349859
735,1544511600.0,18.425742574257427,1.0,0.04950495049504951,0.17128955097039147,0.1568595425659182,0.6718509023880014
736,1544598000.0,18.676470588235293,1.0,0.0392156862745098,0.18150903154895,0.19342730200721645,0.6250636603537143
737,1544684400.0,21.405940594059405,1.0,0.1485148514851485,0.1703578567796267,0.18946655069726823,0.640175578248973
738,1544770800.0,19.38235294117647,1.0,0.0784313725490196,0.1842796404243392,0.17723552663536632,0.6384848258366772
739,1544857200.0,24.529411764705884,1.0,0.1568627450980392,0.16549716840552933,0.17799327083333744,0.6565095527718464
740,1544943600.0,16.306930693069308,1.0,0.009900990099009901,0.16184773331157642,0.18289287796815729,0.655259387364777
741,1545030000.0,16.705882352941178,1.0,0.058823529411764705,0.18419554489938653,0.17014317527669026,0.6456612721085548
742,1545116400.0,17.294117647058822,1.0,0.11764705882352941,0.17323696584093803,0.14901575012424706,0.6777472843726476
743,1545202800.0,14.564356435643564,1.0,0.0297029702970297,0.17740501163730232,0.20051785127840716,0.6220771281030213
744,1545289200.0,17.504950495049506,1.0,0.09900990099009901,0.16752413868682808,0.17205424308039174,0.6604216105424532
745,1545375600.0,16.584158415841586,1.0,0.0297029702970297,0.1820041028561421,0.2045101014214872,0.6134857873957936
746,1545462000.0,14.267326732673267,1.0,0.019801980198019802,0.18050664425412616,0.18104988227755126,0.6384434680832495
747,1545548400.0,20.564356435643564,1.0,0.06930693069306931,0.1586946027427174,0.14534039657083478,0.6959649927840375
748,1545634800.0,17.784313725490197,1.0,0.049019607843137254,0.17414013398628608,0.17921743207775495,0.6466424257731905
749,1545721200.0,18.5,1.0,0.0,0.1665937683143306,0.1792800637035101,0.6541261626955341
750,1545807600.0,21.465346534653467,1.0,0.06930693069306931,0.16000404592492792,0.14915827931006356,0.6908376711134864
751,1545894000.0,21.93069306930693,1.0,0.019801980198019802,0.169627131986441,0.14997579328863336,0.6803970695427148
752,1545980400.0,19.861386138613863,1.0,0.07920792079207921,0.16509214028863622,0.16218858392964494,0.6727192709314647
753,1546066800.0,19.715686274509803,1.0,0.0196078431372549,0.16906898524429576,0.15252008064485648,0.6784109257015527
754,1546153200.0,20.425742574257427,1.0,0.04950495049504951,0.1763674942868771,0.14213722123589256,0.6814952800695849
755,1546239600.0,21.138613861386137,1.0,0.0297029702970297,0.17233711589902345,0.14894615057025953,0.6787167270806166
756,1546326000.0,19.862745098039216,1.0,0.058823529411764705,0.1715752798333472,0.1458853994605734,0.6825393096123841
757,1546412400.0,17.92156862745098,1.0,0.0392156862745098,0.17006659100526103,0.16735979719270094,0.6625736104507073
